,street,city,state,zipcode,price,bed,bath,sqft,walkscore,transitscore,bikescore,competitivescore,price_per_sqft
1,2260 A San Jose Ave,Alameda,CA,94501,689000,1.00,1.00,572.00,91,49.0,74.0,87.0,1204.55
2,888 Willow St,Alameda,CA,94501,1680000,5.00,5.50,3090.00,78,47.0,70.0,87.0,543.69
3,1071 Melrose Ave,Alameda,CA,94502,699000,2.00,2.00,1247.00,43,30.0,55.0,92.0,560.55
4,1041 Melrose Ave,Alameda,CA,94502,929000,3.00,2.50,1738.00,42,30.0,55.0,92.0,534.52
6,1837 Santa Clara Ave,Alameda,CA,94501,1280000,5.00,1.50,2310.00,85,48.0,82.0,87.0,554.11
7,3126 Gibbons Dr,Alameda,CA,94501,1398000,3.00,2.00,2156.00,72,45.0,95.0,87.0,648.42
8,1802 Second St Unit C,Alameda,CA,94501,775000,4.00,2.00,1413.00,54,30.0,60.0,88.0,548.48
9,2206 Clement Ave,Alameda,CA,94501,950000,3.00,2.00,1086.00,87,52.0,81.0,76.0,874.77
10,375 Victoria Bay,Alameda,CA,94502,1765000,4.00,3.00,2209.00,59,30.0,83.0,92.0,799.0
11,3006 Marina Dr,Alameda,CA,94501,1298000,3.00,2.00,1804.00,73,48.0,94.0,87.0,719.51
12,1009 Post St,Alameda,CA,94501,1045000,3.00,1.50,1293.00,73,39.0,82.0,87.0,808.2
13,2394 Mariner Square Drive B6,Alameda,CA,94501,540000,1.00,1.50,780.00,66,64.0,83.0,90.0,692.31
14,1510 Fernside Blvd,Alameda,CA,94501,995000,2.00,1.00,1402.00,67,41.0,89.0,87.0,709.7
15,929 Lafayette St,Alameda,CA,94501,1695000,6.00,2.50,3226.00,79,46.0,75.0,87.0,525.42
16,2704 San Jose Ave,Alameda,CA,94501,949000,2.00,1.00,1083.00,83,48.0,78.0,87.0,876.27
17,406 Itliong Ln,Alameda,CA,94501,1299000,4.00,3.50,2508.00,60,56.0,68.0,88.0,517.94
18,1266 CAROLINE St,Alameda,CA,94501,1595000,4.00,2.50,2209.00,72,47.0,75.0,88.0,722.05
19,2133 SANTA CLARA Ave #327,Alameda,CA,94501,639000,2.00,2.00,1212.00,92,50.0,76.0,87.0,527.23
20,1327 Webster St Unit B206,Alameda,CA,94501,439000,1.00,1.00,701.00,87,48.0,87.0,88.0,626.25
21,2883 Fifth St,Alameda,CA,94501,918490,2.00,2.00,1305.00,65,61.0,76.0,88.0,703.82
22,3231 Santa Cruz Ln,Alameda,CA,94502,850000,3.00,1.50,1320.00,58,30.0,73.0,92.0,643.94
23,108 Brush St Unit B,Alameda,CA,94501,620000,2.00,1.00,731.00,46,31.0,57.0,88.0,848.15
24,965 Shorepoint Ct #204,Alameda,CA,94501,419000,1.00,1.00,772.00,39,31.0,72.0,90.0,542.75
25,2057 San Jose Ave,Alameda,CA,94501,1295000,4.00,4.00,3101.00,81,48.0,70.0,87.0,417.61
26,2154 Santa Clara,Alameda,CA,94501,1798000,6.00,4.50,3175.00,93,50.0,77.0,87.0,566.3
27,612 Haight Ave,Alameda,CA,94501,899000,2.00,2.00,1353.00,92,49.0,80.0,88.0,664.45
28,1109 Mound St,Alameda,CA,94501,1150000,3.00,2.00,1760.00,81,47.0,83.0,87.0,653.41
29,3006 Central Ave,Alameda,CA,94501,1495000,3.00,2.00,2040.00,87,47.0,86.0,87.0,732.84
30,1233 Versailles Ave,Alameda,CA,94501,1295000,4.00,2.00,2053.00,89,49.0,83.0,87.0,630.78
31,333 Driftwood Ln,Alameda,CA,94501,949000,3.00,2.00,1479.00,50,38.0,71.0,90.0,641.65
32,2904 CENTRAL Ave,Alameda,CA,94501,1195000,3.00,2.50,2169.00,87,47.0,86.0,87.0,550.95
33,1112 Union St,Alameda,CA,94501,1195000,3.00,1.50,1426.00,82,47.0,79.0,87.0,838.01
34,351 Laguna Vis,Alameda,CA,94501,1148000,3.00,2.50,1780.00,52,40.0,75.0,90.0,644.94
35,2990 Johnson Ave,Alameda,CA,94501,1198000,4.00,2.00,1800.00,82,47.0,87.0,87.0,665.56
36,3009 Flora Vis,Alameda,CA,94502,749000,2.00,1.50,1280.00,48,30.0,77.0,92.0,585.16
37,2852 Fifth St,Alameda,CA,94501,934028,2.00,2.00,1305.00,41,64.0,74.0,88.0,715.73
38,1636 Central Ave,Alameda,CA,94501,2500000,4.00,4.00,3739.00,82,47.0,82.0,88.0,668.63
39,1709 Encinal Ave,Alameda,CA,94501,1389000,4.00,2.00,2173.00,83,47.0,83.0,87.0,639.21
40,1711 Palmera Ct,Alameda,CA,94501,1995000,3.00,2.50,2482.00,49,42.0,77.0,87.0,803.79
41,3006 Fernside Blvd,Alameda,CA,94501,995000,3.00,1.50,1569.00,78,48.0,93.0,87.0,634.16
42,418 Lincoln Ave,Alameda,CA,94501,898000,2.00,1.00,1056.00,75,46.0,75.0,88.0,850.38
43,1700 Sherman St,Alameda,CA,94501,2198000,9.00,4.00,3840.00,80,47.0,81.0,88.0,572.4
44,1813 3rd St,Alameda,CA,94501,599000,2.00,1.00,697.00,58,43.0,65.0,88.0,859.4
45,552 Haight Ave,Alameda,CA,94501,760000,2.00,1.00,1283.00,90,49.0,80.0,88.0,592.36
46,2430 Webb Ave,Alameda,CA,94501,975000,3.00,2.00,1152.00,99,51.0,86.0,76.0,846.35
47,1355 Crown Dr,Alameda,CA,94501,849000,2.00,2.00,1188.00,81,46.0,83.0,88.0,714.65
48,2111 San Antonio Ave,Alameda,CA,94501,1188000,6.00,4.00,2726.00,82,48.0,72.0,87.0,435.8
49,888 Willow St Unit B,Alameda,CA,94501,599000,2.00,2.00,1052.00,78,47.0,70.0,87.0,569.39
50,888 Willow Unit A,Alameda,CA,94501,899000,3.00,2.50,2040.00,78,47.0,70.0,87.0,440.69
51,2137 Otis Dr #314,Alameda,CA,94501,625000,2.00,2.00,1162.00,80,46.0,79.0,90.0,537.87
52,3276 Washington St,Alameda,CA,94501,1299000,3.00,3.00,1575.00,64,38.0,77.0,87.0,824.76
53,2417 Eagle Ave,Alameda,CA,94501,845000,2.00,1.00,979.00,97,55.0,88.0,76.0,863.13
54,1415 Lafayette St,Alameda,CA,94501,2900000,5.00,5.50,5249.00,85,48.0,82.0,87.0,552.49
55,3437 Oleander Ave,Alameda,CA,94502,995000,3.00,2.50,1760.00,42,30.0,57.0,92.0,565.34
56,1520 Santa Clara Ave,Alameda,CA,94501,1259000,4.00,2.00,1950.00,82,47.0,86.0,88.0,645.64
57,1547 Sherman St,Alameda,CA,94501,1849000,8.00,4.00,3012.00,83,48.0,81.0,88.0,613.88
58,1543 Sherman St,Alameda,CA,94501,1389000,6.00,2.00,2542.00,83,48.0,81.0,88.0,546.42
59,955 Shorepoint Ct #216,Alameda,CA,94501,460000,1.00,1.00,773.00,36,31.0,72.0,90.0,595.08
60,1523 Broadway,Alameda,CA,94501,1800000,7.00,4.00,3755.00,95,51.0,89.0,76.0,479.36
61,1119 Broadway,Alameda,CA,94501,1200000,3.00,1.50,1559.00,74,48.0,78.0,87.0,769.72
62,2866 Fifth St,Alameda,CA,94501,1035096,3.00,2.00,1506.00,41,64.0,74.0,88.0,687.31
63,1526 9th St,Alameda,CA,94501,999000,2.00,1.50,1288.00,88,49.0,80.0,88.0,775.62
64,2898 Fifth St,Alameda,CA,94501,1045818,3.00,2.00,1506.00,41,64.0,74.0,88.0,694.43
65,Plan 3B,Alameda,CA,94501,825990,2.00,1.50,1102.00,52,61.0,70.0,88.0,749.54
66,Plan 2,Alameda,CA,94501,1415990,4.00,3.50,2565.00,52,61.0,70.0,88.0,552.04
67,Plan 3C,Alameda,CA,94501,815990,2.00,1.50,1066.00,52,61.0,70.0,88.0,765.47
68,Plan 3A,Alameda,CA,94501,800990,2.00,1.50,1066.00,52,61.0,70.0,88.0,751.4
69,Plan 1,Alameda,CA,94501,1365990,4.00,3.50,2377.00,52,61.0,70.0,88.0,574.67
70,Plan 4,Alameda,CA,94501,955990,3.00,2.00,1506.00,52,61.0,70.0,88.0,634.79
71,Plan 3,Alameda,CA,94501,940990,3.00,2.00,1454.00,52,61.0,70.0,88.0,647.17
72,Plan 7,Alameda,CA,94501,1095990,3.00,2.50,1997.00,52,61.0,70.0,88.0,548.82
73,Plan 6,Alameda,CA,94501,1025990,3.00,3.00,1756.00,52,61.0,70.0,88.0,584.28
74,Plan 5,Alameda,CA,94501,1015990,2.00,3.00,1714.00,52,61.0,70.0,88.0,592.76
75,145 Oak Park Dr,Alameda,CA,94502,750000,2.00,3.00,1658.00,37,67.0,90.0,75.0,452.35
76,2504 Otis Dr,Alameda,CA,94501,895000,2.00,1.00,1244.00,82,79.0,67.0,96.0,719.45
77,2825 Yosemite Ave,Alameda,CA,94501,1198000,3.00,2.00,1383.00,74,43.0,46.0,40.0,866.23
78,2762 Bette St,Alameda,CA,94501,1198888,3.00,3.00,2131.00,50,67.0,69.0,69.0,562.59
79,1504 Buena Vista Ave,Alameda,CA,94501,675000,2.00,1.00,668.00,77,46.0,32.0,84.0,1010.48
80,1539 6th St,Alameda,CA,94501,798000,2.00,1.00,968.00,90,49.0,92.0,82.0,824.38
81,1034 Melrose Ave,Alameda,CA,94502,830610,4.00,2.50,1716.00,42,30.0,61.0,39.0,484.04
82,1407 Lafayette St,Alameda,CA,94501,995000,2.00,1.50,1678.00,85,48.0,48.0,98.0,592.97
83,2813 Bayview Dr,Alameda,CA,94501,998000,3.00,3.00,2015.00,56,39.0,48.0,75.0,495.29
84,424 Harbor Light Rd,Alameda,CA,94501,1050000,3.00,2.00,1243.00,36,34.0,54.0,57.0,844.73
85,457 Haight Ave,Alameda,CA,94501,1099000,5.00,2.00,2232.00,81,47.0,74.0,43.0,492.38
86,321 Sand Beach Rd,Alameda,CA,94501,1210000,3.00,2.00,1485.00,0,31.0,70.0,80.0,814.81
87,820 Island Dr,Alameda,CA,94502,1388000,7.00,3.00,2664.00,61,30.0,36.0,66.0,521.02
88,1417 Saint Charles St,Alameda,CA,94501,1495000,4.00,4.00,2770.00,86,48.0,41.0,46.0,539.71
89,428 Yorkshire Rd,Alameda,CA,94501,1398000,5.00,3.00,2708.00,59,64.0,95.0,80.0,516.25
90,428 Yorkshire Rd,Alameda,CA,94501,1398000,5.00,3.00,2708.00,59,64.0,30.0,94.0,516.25
91,456 Centre Ct,Alameda,CA,94502,650000,2.00,1.00,1042.00,41,44.0,32.0,32.0,623.8
92,1032 Azalea Dr,Alameda,CA,94502,920000,3.00,2.00,1196.00,61,32.0,46.0,97.0,769.23
93,621 Evelyn Ave,Albany,CA,94706,1495000,4.00,3.00,1851.00,85,61.0,38.0,61.0,807.67
94,719 South Rd,Belmont,CA,94002,2398000,4.00,3.00,2866.00,45,75.0,33.0,66.0,836.71
95,1436 Delaware St,Berkeley,CA,94702,900000,2.00,1.00,976.00,81,71.0,74.0,88.0,922.13
96,1608 Virginia St,Berkeley,CA,94703,1095000,3.00,1.00,1252.00,85,73.0,82.0,32.0,874.6
97,1444 66th St,Berkeley,CA,94702,895000,2.00,2.00,1123.00,90,60.0,87.0,31.0,796.97
98,2014 Acton St,Berkeley,CA,94702,1095000,3.00,2.00,1378.00,92,64.0,80.0,90.0,794.63
99,100 Parnassus Rd,Berkeley,CA,94708,1325000,2.00,2.00,1598.00,27,43.0,39.0,32.0,829.16
100,185 Hill Rd,Berkeley,CA,94708,1510000,2.00,3.00,1476.00,26,66.0,43.0,78.0,1023.04
101,101 Tunnel Rd,Berkeley,CA,94705,1628000,3.00,2.00,1743.00,68,70.0,60.0,35.0,934.02
102,260 Gravatt Dr,Berkeley,CA,94705,2350000,4.00,4.00,3864.00,27,25.0,63.0,84.0,608.18
104,1216 Vancouver Ave,Burlingame,CA,94010,3600000,4.00,4.00,2908.00,72,58.0,31.0,32.0,1237.96
107,10745 N De Anza Blvd #105,Cupertino,CA,95014,910000,1.00,1.50,1194.00,64,41.0,80.0,78.0,762.14
108,10583 Santa Lucia Rd,Cupertino,CA,95014,6500000,6.00,5.00,4906.00,50,18.0,60.0,89.0,1324.91
109,20488 Stevens Creek Blvd #1503,Cupertino,CA,95014,1238888,2.00,2.00,1182.00,82,49.0,77.0,85.0,1048.13
110,21841 Alcazar Ave,Cupertino,CA,95014,5300000,5.00,5.50,3896.00,46,34.0,70.0,90.0,1360.37
111,20667 Cleo Ave,Cupertino,CA,95014,1898000,3.00,2.00,1360.00,48,20.0,70.0,89.0,1395.59
112,20638 Cleo Ave,Cupertino,CA,95014,2088000,3.00,1.00,1136.00,40,20.0,67.0,89.0,1838.03
113,216 Mariposa Ave,Daly city,CA,94015,898000,4.00,2.00,1270.00,66,81.0,88.0,46.0,707.09
114,216 Mariposa Ave,Daly city,CA,94015,898000,4.00,2.00,1270.00,66,73.0,63.0,80.0,707.09
115,823 Stoneyford Dr,Daly city,CA,94015,998000,3.00,1.00,1120.00,43,61.0,95.0,72.0,891.07
116,549 Gellert Blvd,Daly city,CA,94015,1200000,4.00,2.00,1540.00,60,55.0,88.0,56.0,779.22
117,92 Frankfort St,Daly city,CA,94014,995000,4.00,2.00,1612.00,66,39.0,70.0,55.0,617.25
118,498 Price St,Daly city,CA,94014,995000,3.00,2.00,1430.00,66,36.0,87.0,46.0,695.8
120,8123 Brittany Dr,Dublin,CA,94568,1350000,4.00,3.00,2329.00,7,63.0,69.0,57.0,579.65
121,8123 Brittany Dr,Dublin,CA,94568,1350000,4.00,3.00,2329.00,7,63.0,30.0,99.0,579.65
123,7265 Hansen Dr,Dublin,CA,94568,995000,3.00,2.00,1772.00,55,39.0,89.0,69.0,561.51
124,3179 Alexa Cruz Ter,Dublin,CA,94568,1149000,4.00,5.00,2939.00,25,52.0,44.0,36.0,390.95
125,3179 Alexa Cruz Ter,Dublin,CA,94568,1149000,4.00,5.00,2939.00,25,52.0,56.0,72.0,390.95
126,59 Emery Bay Dr,Emeryville,CA,94608,699000,3.00,2.00,1198.00,89,47.0,85.0,88.0,583.47
128,290 Hidalgo Ct,Fremont,CA,94539,2519000,5.00,3.00,3211.00,45,59.0,78.0,63.0,784.49
130,3337 Washington Blvd,Fremont,CA,94539,1399000,3.00,2.00,1758.00,70,78.0,87.0,88.0,795.79
131,34277 Trampini Cmn,Fremont,CA,94555,685000,3.00,3.00,1800.00,30,29.0,62.0,56.0,380.56
132,253 Anza St,Fremont,CA,94539,900000,3.00,4.00,1648.00,63,33.0,61.0,64.0,546.12
133,2860 Langhorn Dr,Fremont,CA,94555,1100000,3.00,2.00,1390.00,13,83.0,51.0,31.0,791.37
134,6306 N Milburn Ave,Fresno,CA,93722,339000,4.00,2.00,2017.00,23,17.0,62.0,99.0,168.07
135,455 Mantelli Dr,Gilroy,CA,95020,849888,4.00,2.50,1829.00,53,0.0,77.0,79.0,464.67
136,6521 Sanchez Pl,Gilroy,CA,95020,998000,4.00,3.00,2489.00,3,0.0,47.0,81.0,400.96
137,8780 Jan Dr,Gilroy,CA,95020,875000,3.00,2.00,1499.00,19,0.0,51.0,79.0,583.72
138,7434 Aberdeen Ct,Gilroy,CA,95020,1495000,4.00,2.50,2578.00,4,0.0,21.0,79.0,579.91
139,2390 Sunflower Cir,Gilroy,CA,95020,1599000,4.00,4.00,3676.00,1,0.0,14.0,79.0,434.98
141,1839 Sally Creek Cir,Hayward,CA,94541,625000,2.00,3.00,1640.00,20,41.0,34.0,92.0,381.1
142,543 Ellery Pl,Hayward,CA,94544,815000,3.00,2.00,1560.00,59,67.0,97.0,72.0,522.44
143,1753 Finch Ct,Hayward,CA,94545,600000,3.00,1.00,1064.00,26,79.0,88.0,75.0,563.91
144,27891 Norwich Way,Hayward,CA,94545,624750,3.00,2.00,1000.00,34,62.0,59.0,75.0,624.75
146,216 Radial,Irvine,CA,92618,1395000,3.00,4.00,2560.00,5,0.0,32.0,76.0,544.92
147,3720 Highland Ct,Lafayette,CA,94549,1195000,3.00,2.00,1988.00,28,57.0,40.0,56.0,601.11
150,6912 Sunridge Dr,Livermore,CA,94551,925000,4.00,3.00,1817.00,15,94.0,42.0,74.0,509.08
151,848 Avalon Way,Livermore,CA,94550,849000,3.00,2.00,1384.00,45,43.0,34.0,44.0,613.44
152,2399 Harewood Dr,Livermore,CA,94551,1179000,4.00,3.00,3090.00,71,32.0,50.0,90.0,381.55
153,3128 Hansen Rd,Livermore,CA,94550,1948888,4.00,4.00,3870.00,1,54.0,41.0,52.0,503.59
154,3128 Hansen Rd,Livermore,CA,94550,1948888,4.00,4.00,3870.00,1,54.0,69.0,64.0,503.59
155,2916 Kennedy St,Livermore,CA,94551,664900,3.00,2.00,1000.00,42,60.0,63.0,48.0,664.9
156,2916 Kennedy St,Livermore,CA,94551,664900,3.00,2.00,1000.00,42,60.0,34.0,71.0,664.9
157,392 Thrasher Ave,Livermore,CA,94551,899000,3.00,3.00,1669.00,40,76.0,48.0,74.0,538.65
158,1358 Lennox Ln,Livermore,CA,94550,2200000,4.00,4.00,4136.00,41,77.0,71.0,75.0,531.91
159,380 Panama Ave,Long beach,CA,90814,1995000,5.00,5.00,5000.00,56,45.0,44.0,92.0,399.0
160,556 W 3rd St,Los angeles,CA,90731,649000,4.00,3.00,1177.00,92,50.0,85.0,73.0,551.4
161,12203 Menlo Ave,Los angeles,CA,90044,650000,5.00,3.00,1701.00,65,67.0,65.0,48.0,382.13
162,12518 W Sunset Blvd,Los angeles,CA,90049,2499000,5.00,4.00,3324.00,25,35.0,76.0,82.0,751.81
165,599 Edgewood Ave,Mill valley,CA,94941,1495000,3.00,2.00,1920.00,7,68.0,91.0,61.0,778.65
166,1355 Camino Pablo,Moraga,CA,94556,1425000,4.00,3.00,3250.00,6,62.0,70.0,51.0,438.46
167,295 San Bruno Ave,Morgan hill,CA,95037,1499000,3.00,2.00,1600.00,0,32.0,25.0,87.0,936.88
168,2006 Vallemar St,Moss beach,CA,94038,1050000,1.00,1.00,480.00,25,91.0,96.0,31.0,2187.5
170,2723 Saint Giles Ln,Mountain view,CA,94040,2999000,5.00,2.50,2544.00,22,25.0,64.0,87.0,1178.85
171,2467 Betlo Ave,Mountain view,CA,94043,1695000,3.00,2.00,1140.00,66,42.0,66.0,52.0,1486.84
172,2467 Betlo Ave,Mountain view,CA,94043,1780000,3.00,2.00,1140.00,66,42.0,47.0,56.0,1561.4
173,820 San Pablo Dr,Mountain view,CA,94043,1898888,3.00,2.00,1510.00,41,30.0,64.0,80.0,1257.54
174,65 Paul Ave,Mountain view,CA,94041,2050000,3.00,2.00,1419.00,63,45.0,32.0,60.0,1444.68
175,2507 Alvin St,Mountain view,CA,94043,2099999,3.00,2.00,1505.00,74,34.0,95.0,59.0,1395.35
176,86 Murlagan Ave,Mountain view,CA,94043,2295000,4.00,3.00,1925.00,59,35.0,92.0,31.0,1192.21
177,220 Velarde St,Mountain view,CA,94041,2388000,3.00,3.00,1402.00,83,51.0,95.0,59.0,1703.28
178,1552 Gretel Ln,Mountain view,CA,94040,2400000,4.00,3.00,1959.00,72,37.0,98.0,95.0,1225.11
179,281 Vincent Dr,Mountain view,CA,94041,2695000,4.00,3.00,2064.00,83,51.0,59.0,47.0,1305.72
180,315 Franklin St,Mountain view,CA,94041,2988000,5.00,3.00,2849.00,97,50.0,76.0,44.0,1048.79
181,305 Pettis Ave,Mountain view,CA,94041,3498000,5.00,5.00,2777.00,78,46.0,36.0,98.0,1259.63
182,38757 Quince Pl,Newark,CA,94560,959000,4.00,2.00,1489.00,79,77.0,30.0,39.0,644.06
183,6133 Broadway Ave,Newark,CA,94560,799000,4.00,2.00,1514.00,29,56.0,52.0,96.0,527.74
184,8094 Mandarin Ave,Newark,CA,94560,1788000,6.00,3.00,3634.00,34,30.0,94.0,46.0,492.02
186,4532 Ygnacio Ave,Oakland,CA,94601,625000,4.00,2.00,1686.00,87,58.0,59.0,46.0,370.7
187,1633 41st Ave,Oakland,CA,94601,675000,4.00,3.00,1375.00,88,0.0,75.0,64.0,490.91
188,1335 Excelsior Ave,Oakland,CA,94602,699000,2.00,1.00,653.00,77,100.0,89.0,52.0,1070.44
189,3524 Seminary Ave,Oakland,CA,94605,699999,4.00,2.00,1602.00,58,46.0,76.0,58.0,436.95
190,1522 Tucker St #28,Oakland,CA,94603,685000,3.00,2.00,1645.00,83,30.0,98.0,36.0,416.41
191,816 44th St,Oakland,CA,94608,779000,2.00,1.00,847.00,80,72.0,69.0,52.0,919.72
192,1058 24th St,Oakland,CA,94607,779000,3.00,3.00,1896.00,88,61.0,97.0,56.0,410.86
193,6501 San Pablo Ave UNIT 209,Oakland,CA,94608,669000,1.00,2.00,1245.00,92,59.0,97.0,53.0,537.35
194,3044 Millsbrae Ave,Oakland,CA,94605,799999,3.00,2.00,1583.00,80,53.0,85.0,49.0,505.37
195,1083 Alcatraz Ave,Oakland,CA,94608,799000,2.00,2.00,970.00,87,34.0,33.0,94.0,823.71
196,3147 62nd Ave,Oakland,CA,94605,810000,3.00,2.00,1596.00,79,55.0,30.0,98.0,507.52
197,3808 Monterey Blvd,Oakland,CA,94619,849000,3.00,1.00,1357.00,58,80.0,38.0,96.0,625.64
198,3808 Monterey Blvd,Oakland,CA,94619,849000,3.00,1.00,1357.00,58,80.0,60.0,53.0,625.64
199,11025 Golf Links Rd,Oakland,CA,94605,899000,3.00,2.00,1847.00,17,19.0,38.0,46.0,486.74
200,4895 Grass Valley Rd,Oakland,CA,94605,899000,3.00,2.50,2344.00,5,65.0,94.0,32.0,383.53
201,5373 Shafter Ave,Oakland,CA,94618,948000,2.00,1.00,851.00,91,56.0,49.0,97.0,1113.98
202,3424 Victor Ave,Oakland,CA,94602,985000,3.00,2.00,2251.00,45,43.0,43.0,56.0,437.58
203,415 Sunnyslope Ave,Oakland,CA,94610,1000000,3.00,1.00,1385.00,90,51.0,84.0,34.0,722.02
204,3051 Malcolm Ave,Oakland,CA,94605,998000,5.00,3.00,2490.00,46,49.0,59.0,88.0,400.8
205,1627 Macarthur Blvd,Oakland,CA,94602,1038000,5.00,3.00,2058.00,87,58.0,67.0,45.0,504.37
206,685 37th St,Oakland,CA,94609,1098000,8.00,4.00,3684.00,73,89.0,93.0,42.0,298.05
207,4140 Montgomery St,Oakland,CA,94611,1095000,2.00,2.00,1207.00,98,43.0,36.0,94.0,907.21
208,5844 Broadway,Oakland,CA,94618,1098000,3.00,2.00,1645.00,81,54.0,52.0,64.0,667.48
209,4393 Bridgeview Dr,Oakland,CA,94602,1149000,3.00,4.00,2478.00,57,38.0,80.0,30.0,463.68
210,5444 Estates Dr,Oakland,CA,94618,1195000,5.00,3.00,2086.00,27,28.0,70.0,99.0,572.87
211,4807 Calderwood Ct,Oakland,CA,94605,1248000,4.00,3.00,2906.00,5,83.0,49.0,75.0,429.46
212,3209 Guido St,Oakland,CA,94602,1249000,4.00,3.00,2334.00,45,0.0,98.0,77.0,535.13
213,957 54th St,Oakland,CA,94608,1399000,5.00,3.00,4800.00,81,31.0,84.0,94.0,291.46
214,6329 Wood Dr,Oakland,CA,94611,1398000,4.00,3.00,2466.00,76,36.0,51.0,59.0,566.91
215,5247 Miles Ave,Oakland,CA,94618,1575000,5.00,4.00,2995.00,87,100.0,65.0,67.0,525.88
216,5247 Miles Ave,Oakland,CA,94618,1575000,5.00,4.00,2995.00,87,100.0,78.0,60.0,525.88
217,4353 Arden Pl,Oakland,CA,94602,1599000,4.00,4.00,2912.00,66,77.0,47.0,67.0,549.11
218,1038 Walker Ave,Oakland,CA,94610,1789000,3.00,4.00,2189.00,93,0.0,44.0,33.0,817.27
219,1293 Sunnyhills Rd,Oakland,CA,94610,1789000,5.00,4.00,2927.00,60,17.0,79.0,76.0,611.21
220,5412 Proctor Ave,Oakland,CA,94618,1795000,4.00,3.00,2481.00,36,61.0,37.0,47.0,723.5
221,476 Cheney Ave,Oakland,CA,94610,1950000,6.00,7.00,5208.00,91,55.0,44.0,62.0,374.42
222,310 Lee St,Oakland,CA,94610,3400000,8.00,8.00,4904.00,88,70.0,48.0,57.0,693.31
223,2140 Marin Way,Oakland,CA,94606,629000,2.00,1.00,836.00,90,57.0,42.0,61.0,752.39
224,649 Via Rialto,Oakland,CA,94619,1195000,4.00,3.00,2773.00,16,80.0,49.0,98.0,430.94
225,2879 55th Ave,Oakland,CA,94605,635000,2.00,1.00,1096.00,71,53.0,59.0,90.0,579.38
226,2851 Seminary Ave,Oakland,CA,94605,649000,3.00,1.00,1455.00,82,80.0,30.0,92.0,446.05
227,3120 Texas St,Oakland,CA,94602,700000,2.00,1.00,1047.00,76,63.0,55.0,39.0,668.58
228,1823 Casterline Rd,Oakland,CA,94602,1275000,4.00,2.00,2174.00,69,73.0,99.0,71.0,586.48
229,9430 Mountain Blvd,Oakland,CA,94605,920000,4.00,3.00,2330.00,24,83.0,47.0,46.0,394.85
230,3220 Maple Ave,Oakland,CA,94602,599999,3.00,1.00,1143.00,81,55.0,48.0,53.0,524.93
231,3220 Maple Ave,Oakland,CA,94602,599999,3.00,1.00,1143.00,81,55.0,40.0,71.0,524.93
232,6030 Monadnock Way,Oakland,CA,94605,625000,2.00,1.00,984.00,71,67.0,82.0,89.0,635.16
233,3938 Maybelle Ave,Oakland,CA,94619,799000,2.00,2.00,1261.00,73,56.0,94.0,76.0,633.62
234,733 Henry St,Oakland,CA,94607,899000,4.00,4.00,1833.00,81,58.0,32.0,49.0,490.45
235,7094 Broadway Ter,Oakland,CA,94611,1499000,3.00,3.00,2690.00,18,79.0,92.0,92.0,557.25
236,7094 Broadway Ter,Oakland,CA,94611,1499000,3.00,3.00,2690.00,18,79.0,43.0,81.0,557.25
237,6030 Monadnock Way,Oakland,CA,94605,625000,2.00,1.00,984.00,71,51.0,53.0,48.0,635.16
239,3100 California St,Oakland,CA,94602,798000,3.00,1.50,1106.00,70,87.0,37.0,59.0,721.52
240,481 Dalewood Dr,Orinda,CA,94563,2150000,4.00,3.00,3222.00,0,59.0,72.0,86.0,667.29
241,59 Martha Rd,Orinda,CA,94563,2225000,4.00,3.00,2508.00,3,61.0,33.0,56.0,887.16
242,767 Prairie Creek Dr,Pacifica,CA,94044,1095000,4.00,2.00,1407.00,17,75.0,57.0,61.0,778.25
243,767 Prairie Creek Dr,Pacifica,CA,94044,1095000,4.00,2.00,1407.00,17,55.0,56.0,51.0,778.25
244,511 Channing Ave,Palo alto,CA,94301,1525000,2.00,2.50,1038.00,88,48.0,94.0,49.0,1469.17
245,764 Stern Ave,Palo alto,CA,94303,5280000,5.00,4.50,2636.00,52,24.0,97.0,89.0,2003.03
246,4250 El Camino Real A301 Palo,Palo alto,CA,94306,1075000,2.00,1.00,960.00,51,44.0,56.0,39.0,1119.79
248,107 Ramona Ave,Piedmont,CA,94611,1548000,3.00,2.00,1588.00,69,46.0,42.0,72.0,974.81
249,614 Boulevard Way,Piedmont,CA,94610,2100000,4.00,3.00,2954.00,71,67.0,76.0,82.0,710.9
250,451 Hampton Rd,Piedmont,CA,94611,2225000,5.00,5.00,2853.00,24,76.0,84.0,62.0,779.88
251,3988 Stanley Blvd,Pleasanton,CA,94566,1394000,4.00,2.00,2085.00,76,74.0,58.0,35.0,668.59
252,3988 Stanley Blvd,Pleasanton,CA,94566,1394000,4.00,2.00,2085.00,76,74.0,66.0,95.0,668.59
253,7308 Stonedale Dr,Pleasanton,CA,94588,799000,3.00,2.00,1525.00,42,59.0,61.0,81.0,523.93
254,370 Amador Ct,Pleasanton,CA,94566,1050000,3.00,2.00,1040.00,45,83.0,40.0,32.0,1009.62
255,370 Amador Ct,Pleasanton,CA,94566,1050000,3.00,2.00,1040.00,45,83.0,67.0,76.0,1009.62
256,2728 Alpina Ct,Pleasanton,CA,94588,1175000,4.00,3.00,2231.00,22,100.0,99.0,79.0,526.67
257,2728 Alpina Ct,Pleasanton,CA,94588,1175000,4.00,3.00,2231.00,22,100.0,89.0,54.0,526.67
258,118 Barias Pl,Pleasanton,CA,94566,1169000,3.00,3.00,1766.00,85,44.0,67.0,44.0,661.95
259,7887 Medinah Ct,Pleasanton,CA,94588,1495000,4.00,3.00,3021.00,0,55.0,42.0,42.0,494.87
260,1562 Foothill Rd,Pleasanton,CA,94588,4000000,4.00,5.00,4708.00,0,46.0,42.0,50.0,849.62
261,3857 Oakwood Pl,Riverside,CA,92506,724499,4.00,2.00,2500.00,65,39.0,45.0,76.0,289.8
262,17202 Silver Moon Ct,Riverside,CA,92503,1239999,5.00,5.00,5411.00,0,0.0,63.0,51.0,229.16
263,2143 7th Ave,Sacramento,CA,95818,649900,3.00,2.00,1412.00,73,46.0,39.0,63.0,460.27
264,10404 Spiva Rd,Sacramento,CA,95829,725000,3.00,3.00,2012.00,0,0.0,88.0,87.0,360.34
265,4950 Alta Dr,Sacramento,CA,95822,649500,4.00,3.00,2423.00,70,33.0,61.0,97.0,268.06
266,3491 Fleetwood Dr,San bruno,CA,94066,1649000,4.00,3.00,2190.00,30,73.0,34.0,66.0,752.97
267,3810 Coronado Way,San bruno,CA,94066,999000,3.00,2.00,1160.00,11,27.0,48.0,40.0,861.21
268,11323 Meadow Flower Pl,San diego,CA,92127,600000,3.00,2.00,1240.00,30,27.0,82.0,75.0,483.87
269,3617 Herbert St,San diego,CA,92103,949000,3.00,2.00,1154.00,80,56.0,72.0,97.0,822.36
270,4729 Saratoga Ave,San diego,CA,92107,1180000,4.00,4.00,2166.00,88,33.0,79.0,43.0,544.78
271,4964 Canterbury Dr,San diego,CA,92116,1198900,3.00,2.00,1656.00,51,37.0,40.0,51.0,723.97
272,6372 Rockhurst Dr,San diego,CA,92120,1350000,4.00,3.00,3054.00,53,40.0,80.0,54.0,442.04
273,4801 Viane Way,San diego,CA,92110,1395000,5.00,4.00,2731.00,65,25.0,84.0,33.0,510.8
274,4505 Newport Ave,San diego,CA,92107,1849000,4.00,3.00,2530.00,73,31.0,37.0,41.0,730.83
275,13247 Deron Ave,San diego,CA,92129,999900,5.00,3.00,2692.00,46,21.0,41.0,31.0,371.43
276,17378 Montero Rd,San diego,CA,92128,995000,4.00,3.00,2646.00,17,22.0,88.0,52.0,376.04
277,752 Cordova St,San diego,CA,92107,1950000,4.00,3.00,2593.00,20,15.0,97.0,34.0,752.02
278,400 Bristol Ct #107,San francisco,CA,94130,1156000,1.00,1.00,898.00,15,29.0,21.0,71.0,1287.31
279,301 Mission St Unit 15H,San francisco,CA,94105,775000,1.00,1.00,773.00,99,100.0,83.0,35.0,1002.59
280,3019 Broderick St,San francisco,CA,94123,2950000,3.00,2.00,1827.00,96,59.0,70.0,72.0,1614.67
281,590 6th St #303,San francisco,CA,94103,1299000,2.00,2.00,1356.00,91,91.0,99.0,44.0,957.96
282,888 7th St #130,San francisco,CA,94107,399888,1.00,1.00,549.00,86,84.0,98.0,71.0,728.39
283,810 Lyon St #2,San francisco,CA,94115,899000,2.00,1.00,964.00,94,67.0,78.0,72.0,932.57
284,246 Grand View Ave,San francisco,CA,94114,2050000,3.00,4.50,1890.00,81,71.0,68.0,79.0,1084.66
285,2090 Pacific Ave #506,San francisco,CA,94109,1195000,1.00,1.00,1050.00,96,78.0,57.0,72.0,1138.1
286,160 De Long St,San francisco,CA,94112,925000,3.00,2.00,925.00,80,76.0,41.0,79.0,1000.0
287,1 Federal St #42,San francisco,CA,94107,768000,1.00,1.00,658.00,89,98.0,81.0,35.0,1167.17
288,55 San Anselmo Ave,San francisco,CA,94127,2895000,4.00,3.00,2620.00,93,73.0,71.0,88.0,1104.96
289,67 Mirabel Ave,San francisco,CA,94110,1095000,2.00,2.00,1188.00,97,81.0,74.0,68.0,921.72
291,947 Edinburgh St,San francisco,CA,94112,998000,3.00,3.00,1469.00,90,77.0,59.0,68.0,679.37
292,1700 Sloat Blvd,San francisco,CA,94132,2198000,6.00,4.50,2496.00,82,43.0,79.0,79.0,880.61
293,65 Castenada Ave,San francisco,CA,94116,2250000,3.00,1.50,2010.00,53,70.0,47.0,79.0,1119.4
294,1300 22nd St #300,San francisco,CA,94107,1280000,2.00,2.00,915.00,92,70.0,71.0,68.0,1398.91
295,200 Brannan St #306,San francisco,CA,94107,1499000,2.00,2.00,1525.00,89,98.0,81.0,35.0,982.95
296,19 Riverton Dr,San francisco,CA,94132,1825000,5.00,4.00,1924.00,78,44.0,82.0,71.0,948.54
297,501 Crescent Way #5104,San francisco,CA,94134,738888,2.00,2.00,1054.00,16,55.0,42.0,58.0,701.03
298,384 Park St,San francisco,CA,94110,1395000,6.00,4.00,2320.00,91,76.0,65.0,68.0,601.29
299,219 Brannan St Unit 11D,San francisco,CA,94107,2395000,2.00,2.00,1395.00,89,95.0,83.0,35.0,1716.85
300,821 Folsom St #306,San francisco,CA,94107,995000,2.00,2.00,1063.00,98,100.0,87.0,71.0,936.03
301,2561 Chestnut St,San francisco,CA,94123,1995000,4.00,2.50,2336.00,97,62.0,85.0,72.0,854.02
302,634 - 636 Church St,San francisco,CA,94114,2495000,4.00,2.00,2948.00,96,90.0,68.0,79.0,846.34
303,1850 19th Ave,San francisco,CA,94122,998000,4.00,3.00,1439.00,81,61.0,60.0,79.0,693.54
304,118 Corwin St,San francisco,CA,94114,1695000,2.00,2.00,1705.00,84,77.0,64.0,79.0,994.13
305,109 Porter St,San francisco,CA,94110,1648000,3.00,4.00,1720.00,81,76.0,65.0,68.0,958.14
306,3141 Gough St,San francisco,CA,94123,3650000,4.00,2.50,2210.00,95,76.0,95.0,72.0,1651.58
310,786 Minna St #3,San francisco,CA,94103,1100000,2.00,2.00,1200.00,98,100.0,99.0,44.0,916.67
311,1319 Dolores St,San francisco,CA,94110,2500000,4.00,2.00,1900.00,97,79.0,85.0,79.0,1315.79
312,272 Oneida Ave,San francisco,CA,94112,1099000,3.00,1.00,1058.00,88,81.0,74.0,79.0,1038.75
314,2908 Folsom St,San francisco,CA,94110,1595000,4.00,4.00,1835.00,99,81.0,98.0,68.0,869.21
315,3075 California St,San francisco,CA,94115,1599000,3.00,2.00,1888.00,97,70.0,78.0,72.0,846.93
316,7949 Geary Blvd,San francisco,CA,94121,2998888,6.00,3.50,3576.00,77,59.0,60.0,85.0,838.62
318,1359 41st Ave,San francisco,CA,94122,1495000,3.00,2.00,1991.00,88,52.0,89.0,83.0,750.88
319,858 37th Ave,San francisco,CA,94121,2750000,6.00,3.50,3260.00,83,62.0,81.0,72.0,843.56
320,38 Bryant St #604,San francisco,CA,94105,1199000,2.00,2.00,1073.00,92,97.0,82.0,35.0,1117.43
321,200 Brannan St #422,San francisco,CA,94107,2349000,2.00,2.00,1928.00,89,98.0,81.0,35.0,1218.36
322,3134 Baker St,San francisco,CA,94123,3495000,3.00,3.00,2905.00,95,58.0,90.0,72.0,1203.1
323,2703 Bush St,San francisco,CA,94115,2385000,3.00,2.00,1705.00,97,70.0,83.0,72.0,1398.83
324,4367 21st St,San francisco,CA,94114,2195000,4.00,2.50,1885.00,81,71.0,68.0,79.0,1164.46
325,760 12th Ave,San francisco,CA,94118,1525000,2.00,2.00,1565.00,85,70.0,97.0,71.0,974.44
326,2002 3rd St #208,San francisco,CA,94107,1050000,2.00,2.00,1358.00,89,64.0,95.0,68.0,773.2
327,3136 Fulton St #1,San francisco,CA,94118,1825000,4.00,3.50,2282.00,87,66.0,88.0,71.0,799.74
328,2006 Steiner St,San francisco,CA,94115,1350000,2.00,2.00,1429.00,99,76.0,90.0,72.0,944.72
329,813 Lyon St #3,San francisco,CA,94115,1495000,3.00,2.50,1490.00,94,67.0,78.0,72.0,1003.36
330,321 Marietta Dr,San francisco,CA,94127,2599000,5.00,6.00,3860.00,53,60.0,52.0,79.0,673.32
331,290 Melrose Ave,San francisco,CA,94127,1795000,3.00,2.50,1619.00,71,61.0,54.0,79.0,1108.71
332,280 Spear St Unit 6H,San francisco,CA,94105,1649000,3.00,2.00,1466.00,98,100.0,80.0,35.0,1124.83
333,2856 Scott St #1,San francisco,CA,94123,1895000,2.00,1.00,1479.00,96,69.0,63.0,72.0,1281.27
335,77 Van Ness Ave #408,San francisco,CA,94102,1279000,2.00,2.00,1131.00,99,99.0,99.0,71.0,1130.86
336,666 Post St #904,San francisco,CA,94109,715000,1.00,1.00,775.00,99,100.0,71.0,47.0,922.58
337,1030 Le Conte Ave,San francisco,CA,94124,1195000,4.00,3.00,2200.00,77,69.0,50.0,71.0,543.18
339,116 Bayview Cir,San francisco,CA,94124,799000,2.00,2.00,1301.00,91,64.0,55.0,49.0,614.14
340,2001 18th Ave,San francisco,CA,94116,899000,2.00,1.50,1040.00,83,37.0,44.0,75.0,864.42
341,7 Eugenia Ave,San francisco,CA,94110,895000,2.00,1.00,966.00,97,48.0,32.0,98.0,926.5
342,1350 Palou Ave,San francisco,CA,94124,925000,3.00,1.00,1155.00,85,60.0,54.0,66.0,800.87
343,1779 32nd Ave,San francisco,CA,94122,995000,3.00,2.00,1412.00,83,56.0,39.0,46.0,704.67
344,45 Venus St,San francisco,CA,94124,998000,3.00,2.00,1449.00,89,58.0,92.0,83.0,688.75
345,1307 Gilman Ave,San francisco,CA,94124,989000,3.00,2.00,1352.00,86,62.0,67.0,76.0,731.51
346,881 39th Ave,San francisco,CA,94121,999000,3.00,2.00,1418.00,82,66.0,59.0,55.0,704.51
347,46 Eagle St,San francisco,CA,94114,1049000,1.00,1.00,800.00,74,56.0,98.0,59.0,1311.25
348,226 Munich St,San francisco,CA,94112,1088000,3.00,2.00,1150.00,56,52.0,54.0,93.0,946.09
349,119 Crescent Ave,San francisco,CA,94110,1095000,3.00,1.00,1484.00,80,54.0,94.0,74.0,737.87
350,15 Hearst Ave,San francisco,CA,94131,1100000,2.00,1.00,990.00,89,73.0,86.0,90.0,1111.11
351,2550 26th Ave,San francisco,CA,94116,1095000,2.00,1.00,1550.00,86,56.0,79.0,77.0,706.45
352,4054 18th St,San francisco,CA,94114,999000,3.00,1.00,1582.00,100,36.0,39.0,33.0,631.48
353,"280 Spear St, #3Q",San francisco,CA,94105,910000,1.00,1.00,638.00,99,100.0,40.0,43.0,1426.33
354,1932 Webster St,San francisco,CA,94115,1198000,2.00,1.00,2400.00,99,75.0,33.0,78.0,499.17
355,123 Gambier St,San francisco,CA,94134,1179950,3.00,1.00,1250.00,68,68.0,94.0,44.0,943.96
356,587 24th Ave,San francisco,CA,94121,1259000,3.00,1.50,1720.00,95,73.0,63.0,52.0,731.98
357,251 Athens St,San francisco,CA,94112,1295000,5.00,2.50,1856.00,75,55.0,63.0,88.0,697.74
359,2257 Fulton St,San francisco,CA,94117,1199000,2.00,2.00,1350.00,91,62.0,44.0,87.0,888.15
360,66 Bronte St,San francisco,CA,94110,1295000,3.00,2.00,1672.00,91,70.0,70.0,78.0,774.52
361,1074 Ingerson Ave,San francisco,CA,94124,1280000,5.00,3.00,2555.00,84,63.0,36.0,82.0,500.98
362,2232 California St,San francisco,CA,94115,1250000,2.00,1.00,1233.00,99,74.0,98.0,88.0,1013.79
363,1732 20th Ave,San francisco,CA,94122,1288000,4.00,3.00,2225.00,83,57.0,73.0,57.0,578.88
364,10 Olympia Way,San francisco,CA,94131,1250000,3.00,2.00,1270.00,38,56.0,78.0,44.0,984.25
365,1732 20th Ave,San francisco,CA,94122,1288000,4.00,3.00,2225.00,83,53.0,81.0,58.0,578.88
366,73 Ina Ct,San francisco,CA,94112,1349000,3.00,3.00,1453.00,73,66.0,82.0,50.0,928.42
367,220 Evelyn Way,San francisco,CA,94127,1385000,3.00,1.00,1006.00,74,71.0,58.0,83.0,1376.74
368,2464 15th Ave,San francisco,CA,94116,1399000,3.00,2.00,1629.00,96,60.0,77.0,95.0,858.81
369,1942 31st Ave,San francisco,CA,94116,1449000,3.00,2.00,2030.00,76,65.0,44.0,92.0,713.79
370,1942 31st Ave,San francisco,CA,94116,1449000,3.00,2.00,2030.00,85,59.0,45.0,83.0,713.79
371,3132 Balboa St,San francisco,CA,94121,1449000,3.00,2.00,1710.00,93,62.0,77.0,52.0,847.37
372,1507 18th Ave,San francisco,CA,94122,1495000,3.00,2.50,2030.00,89,60.0,30.0,38.0,736.45
373,136 Santa Marina St,San francisco,CA,94110,1495000,2.00,1.00,1310.00,93,77.0,70.0,89.0,1141.22
374,566 Girard St,San francisco,CA,94134,1480000,4.00,2.00,2307.00,89,67.0,32.0,47.0,641.53
375,2450 29th Ave,San francisco,CA,94116,1595000,3.00,2.00,2328.00,87,68.0,38.0,58.0,685.14
376,30 Loyola Ter,San francisco,CA,94117,1575000,3.00,2.00,1500.00,96,62.0,31.0,40.0,1050.0
377,1631 Quintara St,San francisco,CA,94116,1650000,6.00,3.00,2500.00,84,49.0,89.0,60.0,660.0
378,220 Bradford St,San francisco,CA,94110,1595000,3.00,2.00,1420.00,86,69.0,96.0,50.0,1123.24
379,1972 11th Ave,San francisco,CA,94116,1750000,4.00,2.00,2507.00,51,40.0,44.0,49.0,698.05
380,2242 19th St,San francisco,CA,94107,1749000,2.00,2.00,1266.00,93,63.0,88.0,69.0,1381.52
381,128 Morris St APT 3,San francisco,CA,94107,980000,1.00,1.50,982.00,92,83.0,75.0,74.0,997.96
382,257 Surrey St,San francisco,CA,94131,1795000,4.00,2.50,2359.00,89,58.0,71.0,86.0,760.92
383,810 Faxon Ave,San francisco,CA,94112,1780000,4.00,3.00,2335.00,87,64.0,62.0,72.0,762.31
384,1 Putnam St,San francisco,CA,94110,1790000,4.00,3.00,2180.00,90,70.0,53.0,99.0,821.1
385,800 27th Ave,San francisco,CA,94121,1895000,5.00,4.00,1925.00,77,76.0,84.0,88.0,984.42
386,722 46th Ave,San francisco,CA,94121,1895000,3.00,2.00,2183.00,82,56.0,73.0,43.0,868.07
387,2119 Larkin St,San francisco,CA,94109,1875000,2.00,2.00,1360.00,99,73.0,82.0,42.0,1378.68
388,85 5th Ave,San francisco,CA,94118,1998000,3.00,2.00,1600.00,93,54.0,78.0,48.0,1248.75
389,85 5th Ave,San francisco,CA,94118,1998000,3.00,2.00,1600.00,93,60.0,89.0,42.0,1248.75
391,1422 Rhode Island St,San francisco,CA,94107,2198000,4.00,3.50,2244.00,85,62.0,93.0,57.0,979.5
392,301 Nevada St,San francisco,CA,94110,2195000,4.00,3.50,2178.00,93,71.0,46.0,85.0,1007.81
393,1721 Sanchez St,San francisco,CA,94131,2285000,4.00,3.00,1875.00,93,70.0,55.0,45.0,1218.67
394,1473 Hudsone Ave,San francisco,CA,94124,2398000,4.00,3.00,2745.00,89,58.0,69.0,74.0,873.59
395,205 Beacon St,San francisco,CA,94131,2495000,4.00,3.00,2785.00,80,75.0,65.0,31.0,895.87
396,517 8th Ave,San francisco,CA,94118,2595000,4.00,3.00,2785.00,95,49.0,35.0,48.0,931.78
397,641 San Jose Ave,San francisco,CA,94110,2500000,3.00,1.50,2300.00,98,73.0,99.0,96.0,1086.96
398,489 30th St,San francisco,CA,94131,2499888,3.00,2.00,2070.00,89,70.0,67.0,37.0,1207.68
399,1694 York St,San francisco,CA,94110,2595000,4.00,3.50,2815.00,87,23.0,44.0,56.0,921.85
400,253 Missouri St,San francisco,CA,94107,2650000,3.00,3.00,1777.00,96,59.0,34.0,99.0,1491.28
401,187 Brompton Ave,San francisco,CA,94131,2595000,4.00,2.50,2265.00,92,73.0,87.0,91.0,1145.7
402,4326 24th St,San francisco,CA,94114,2695000,4.00,3.00,2205.00,85,53.0,30.0,59.0,1222.22
403,22 Castro St,San francisco,CA,94115,3299000,5.00,3.00,3984.00,95,86.0,38.0,55.0,828.06
404,3828 21st St,San francisco,CA,94114,3395000,3.00,2.50,3145.00,95,65.0,45.0,67.0,1079.49
405,3970 Clay St,San francisco,CA,94115,4195000,3.00,2.00,2620.00,89,60.0,85.0,65.0,1601.15
406,5683 Keymar Dr,San jose,CA,95123,1249800,3.00,2.00,1627.00,65,36.0,50.0,86.0,768.16
407,1345 Thornbury Ln,San jose,CA,95138,1570000,3.00,3.00,2234.00,4,26.0,8.0,85.0,702.78
408,2605 Baton Rouge #3,San jose,CA,95133,928800,3.00,3.00,1522.00,64,43.0,72.0,80.0,610.25
409,6059 Golden Vista Dr,San jose,CA,95123,1168888,3.00,2.50,1804.00,44,48.0,60.0,87.0,647.94
410,697 Glenburry Way,San jose,CA,95123,1148800,4.00,2.00,1491.00,22,30.0,72.0,86.0,770.49
411,2566 Bentley Ridge Dr,San jose,CA,95138,3900000,5.00,5.00,4477.00,32,19.0,37.0,85.0,871.12
412,144-146 S 33rd St,San jose,CA,95116,1648000,5.00,3.50,2525.00,68,52.0,58.0,80.0,652.67
413,576 Giuffrida Ave #15,San jose,CA,95123,699000,2.00,2.50,1116.00,65,36.0,62.0,82.0,626.34
414,105 Mountain Springs Dr #105,San jose,CA,95136,299500,3.00,2.00,1745.00,29,40.0,36.0,0.0,171.63
416,2599 Easton Ln #108,San jose,CA,95133,548000,2.00,2.00,975.00,66,44.0,69.0,80.0,562.05
417,5054 Rio Vista Ave,San jose,CA,95129,1695000,3.00,2.00,1193.00,72,41.0,72.0,88.0,1420.79
418,1731 Marseilles Ct,San jose,CA,95138,4288000,4.00,4.50,5425.00,0,0.0,11.0,85.0,790.41
419,1248 Happy Valley Ave,San jose,CA,95129,2498000,4.00,3.00,2796.00,31,39.0,66.0,89.0,893.42
420,259 N Capitol Ave #225,San jose,CA,95127,488000,2.00,2.00,955.00,73,53.0,60.0,80.0,510.99
421,3327 Innerwick Ln,San jose,CA,95121,629999,3.00,1.00,991.00,47,30.0,65.0,76.0,635.72
422,4647 Pinto River Ct,San jose,CA,95136,789999,4.00,3.00,1760.00,60,42.0,61.0,63.0,448.86
423,5104 Westmont Ave Unit 6,San jose,CA,95130,900000,2.00,3.00,1105.00,25,30.0,75.0,77.0,814.48
425,580 Begier Ave,San leandro,CA,94577,879000,4.00,2.00,2158.00,65,68.0,47.0,76.0,407.32
426,1661 163rd Ave,San leandro,CA,94578,669900,3.00,2.00,900.00,85,78.0,97.0,60.0,744.33
428,555 Pala Ave,San leandro,CA,94577,999000,3.00,3.00,1953.00,76,51.0,34.0,74.0,511.52
429,1022 Collier Dr,San leandro,CA,94577,675000,3.00,3.00,1451.00,57,59.0,75.0,47.0,465.2
430,2481 Marina Blvd,San leandro,CA,94577,675000,3.00,1.00,988.00,66,49.0,70.0,93.0,683.2
432,17743 Via Rincon,San lorenzo,CA,94580,668000,3.00,1.00,986.00,68,0.0,88.0,32.0,677.48
433,15360 Dermody Ave,San lorenzo,CA,94580,825000,3.00,2.00,1405.00,61,43.0,70.0,60.0,587.19
434,1035 Murray Ave,San luis obispo,CA,93405,690000,3.00,2.00,1100.00,59,37.0,66.0,56.0,627.27
435,521 Luneta Dr,San luis obispo,CA,93405,792500,3.00,2.00,1204.00,55,33.0,61.0,44.0,658.22
436,1736 Royal Ct,San luis obispo,CA,93405,869000,3.00,2.00,1666.00,41,24.0,69.0,96.0,521.61
437,527 Stoneridge Dr,San luis obispo,CA,93401,903500,4.00,3.00,2244.00,56,25.0,43.0,77.0,402.63
438,6023 Los Ranchos Rd,San luis obispo,CA,93401,939000,4.00,2.00,2440.00,8,0.0,45.0,70.0,384.84
439,577 Branch St,San luis obispo,CA,93401,985000,3.00,2.00,1584.00,79,28.0,31.0,71.0,621.84
440,1602 Huckleberry Ln,San luis obispo,CA,93401,1124000,4.00,3.00,3302.00,5,16.0,43.0,64.0,340.4
441,1535 Laurel Ln,San luis obispo,CA,93401,1495000,3.00,4.00,2863.00,40,19.0,57.0,69.0,522.18
442,6635 Camino Poletti,San luis obispo,CA,93401,2985000,4.00,5.00,5343.00,0,0.0,69.0,64.0,558.67
443,6645 Fern Canyon Rd,San luis obispo,CA,93401,6299000,8.00,6.00,4734.00,0,0.0,44.0,36.0,1330.59
444,1748 Royal Ave,San mateo,CA,94401,1170000,3.00,2.00,1080.00,43,54.0,67.0,68.0,1083.33
445,500 Madera Dr,San mateo,CA,94403,1475000,3.00,2.00,2030.00,48,57.0,45.0,61.0,726.6
446,769 Crescent Ave,San mateo,CA,94402,2150000,5.00,3.00,2970.00,70,41.0,63.0,62.0,723.91
448,729 E Anapamu St APT D,Santa barbara,CA,93103,1699000,3.00,2.00,2450.00,70,40.0,81.0,55.0,693.47
449,3992 Maricopa Dr,Santa barbara,CA,93110,2049000,7.00,4.00,3000.00,66,40.0,58.0,56.0,683.0
451,1339 Sycamore Canyon Rd,Santa barbara,CA,93108,2999999,3.00,3.00,1983.00,52,35.0,58.0,46.0,1512.86
452,4337 Watson Cir,Santa clara,CA,95054,1498000,3.00,3.50,1657.00,58,42.0,80.0,79.0,904.04
453,1138 Pomeroy Ave,Santa clara,CA,95051,999888,4.00,2.50,1476.00,54,39.0,70.0,82.0,677.43
454,835 Bing Dr #6,Santa clara,CA,95051,675000,2.00,2.00,949.00,69,28.0,78.0,82.0,711.28
456,5995 Stone Bridge Rd,Santa rosa,CA,95409,779000,3.00,2.00,2005.00,5,15.0,54.0,43.0,388.53
457,1652 Ronne Dr,Santa rosa,CA,95404,849000,4.00,3.00,2500.00,48,19.0,78.0,68.0,339.6
458,6316 Meadowridge Dr,Santa rosa,CA,95409,879000,3.00,2.00,2350.00,6,15.0,94.0,33.0,374.04
459,408 Calistoga Rd,Santa rosa,CA,95409,925000,3.00,2.00,1630.00,51,21.0,77.0,80.0,567.48
460,825 Wilfred Ave,Santa rosa,CA,95407,950000,3.00,2.00,1248.00,1,0.0,94.0,80.0,761.22
461,1476 Olivet Rd,Santa rosa,CA,95401,1100000,1.00,2.00,1440.00,10,0.0,90.0,37.0,763.89
462,1476 Olivet Rd,Santa rosa,CA,95401,1100000,1.00,2.00,1440.00,10,0.0,46.0,34.0,763.89
463,3546 Happy Valley Rd,Santa rosa,CA,95404,1149000,3.00,3.00,2468.00,2,13.0,72.0,64.0,465.56
464,4343 Sonoma Mountain Rd,Santa rosa,CA,95404,1785000,4.00,3.00,3680.00,6,0.0,75.0,90.0,485.05
465,12810 WOODMONT Dr,Saratoga,CA,95070,4398000,5.00,3.00,3276.00,46,0.0,64.0,85.0,1342.49
466,14690 Sobey Rd,Saratoga,CA,95070,3980000,4.00,3.00,3806.00,2,0.0,21.0,78.0,1045.72
467,1444 Rivara Rd,Stockton,CA,95207,675000,3.00,2.00,1935.00,64,36.0,30.0,38.0,348.84
468,693 Santa Coleta Ct,Sunnyvale,CA,94085,1299000,3.00,2.00,1070.00,69,35.0,77.0,73.0,1214.02
469,1085 Tasman Dr #281,Sunnyvale,CA,94089,170000,2.00,2.00,1440.00,61,42.0,74.0,0.0,118.06
470,558 Worley Ave,Sunnyvale,CA,94085,1349888,4.00,2.00,1481.00,72,37.0,77.0,73.0,911.47
471,757 Brea Ter,Sunnyvale,CA,94085,1089888,2.00,2.50,1181.00,72,33.0,72.0,84.0,922.85
472,1120 Karby Ter Unit 304,Sunnyvale,CA,94089,1099000,2.00,2.00,1211.00,55,42.0,73.0,34.0,907.51
476,418 Lincoln Ave,Alameda,CA,94501,898000,2.00,1.00,1056.00,75,46.0,75.0,88.0,850.38
477,1700 Sherman St,Alameda,CA,94501,2198000,9.00,4.00,3840.00,80,47.0,81.0,88.0,572.4
478,1813 3rd St,Alameda,CA,94501,599000,2.00,1.00,697.00,58,43.0,65.0,88.0,859.4
479,552 Haight Ave,Alameda,CA,94501,760000,2.00,1.00,1283.00,90,49.0,80.0,88.0,592.36
480,2430 Webb Ave,Alameda,CA,94501,975000,3.00,2.00,1152.00,99,51.0,86.0,76.0,846.35
481,1355 Crown Dr,Alameda,CA,94501,849000,2.00,2.00,1188.00,81,46.0,83.0,88.0,714.65
482,2111 San Antonio Ave,Alameda,CA,94501,1188000,6.00,4.00,2726.00,82,48.0,72.0,87.0,435.8
483,888 Willow St Unit B,Alameda,CA,94501,599000,2.00,2.00,1052.00,78,47.0,70.0,87.0,569.39
484,888 Willow Unit A,Alameda,CA,94501,899000,3.00,2.50,2040.00,78,47.0,70.0,87.0,440.69
485,2137 Otis Dr #314,Alameda,CA,94501,625000,2.00,2.00,1162.00,80,46.0,79.0,90.0,537.87
486,3276 Washington St,Alameda,CA,94501,1299000,3.00,3.00,1575.00,64,38.0,77.0,87.0,824.76
487,2417 Eagle Ave,Alameda,CA,94501,845000,2.00,1.00,979.00,97,55.0,88.0,76.0,863.13
488,1415 Lafayette St,Alameda,CA,94501,2900000,5.00,5.50,5249.00,85,48.0,82.0,87.0,552.49
489,3437 Oleander Ave,Alameda,CA,94502,995000,3.00,2.50,1760.00,42,30.0,57.0,92.0,565.34
490,1520 Santa Clara Ave,Alameda,CA,94501,1259000,4.00,2.00,1950.00,82,47.0,86.0,88.0,645.64
491,1547 Sherman St,Alameda,CA,94501,1849000,8.00,4.00,3012.00,83,48.0,81.0,88.0,613.88
492,1543 Sherman St,Alameda,CA,94501,1389000,6.00,2.00,2542.00,83,48.0,81.0,88.0,546.42
493,955 Shorepoint Ct #216,Alameda,CA,94501,460000,1.00,1.00,773.00,36,31.0,72.0,90.0,595.08
494,1523 Broadway,Alameda,CA,94501,1800000,7.00,4.00,3755.00,95,51.0,89.0,76.0,479.36
495,1119 Broadway,Alameda,CA,94501,1200000,3.00,1.50,1559.00,74,48.0,78.0,87.0,769.72
496,2866 Fifth St,Alameda,CA,94501,1035096,3.00,2.00,1506.00,41,64.0,74.0,88.0,687.31
497,1526 9th St,Alameda,CA,94501,999000,2.00,1.50,1288.00,88,49.0,80.0,88.0,775.62
498,2898 Fifth St,Alameda,CA,94501,1045818,3.00,2.00,1506.00,41,64.0,74.0,88.0,694.43
499,Plan 3B,Alameda,CA,94501,825990,2.00,1.50,1102.00,52,61.0,70.0,88.0,749.54
500,Plan 2,Alameda,CA,94501,1415990,4.00,3.50,2565.00,52,61.0,70.0,88.0,552.04
501,Plan 3C,Alameda,CA,94501,815990,2.00,1.50,1066.00,52,61.0,70.0,88.0,765.47
502,Plan 3A,Alameda,CA,94501,800990,2.00,1.50,1066.00,52,61.0,70.0,88.0,751.4
503,Plan 1,Alameda,CA,94501,1365990,4.00,3.50,2377.00,52,61.0,70.0,88.0,574.67
504,Plan 4,Alameda,CA,94501,955990,3.00,2.00,1506.00,52,61.0,70.0,88.0,634.79
505,Plan 3,Alameda,CA,94501,940990,3.00,2.00,1454.00,52,61.0,70.0,88.0,647.17
506,Plan 7,Alameda,CA,94501,1095990,3.00,2.50,1997.00,52,61.0,70.0,88.0,548.82
507,Plan 6,Alameda,CA,94501,1025990,3.00,3.00,1756.00,52,61.0,70.0,88.0,584.28
508,Plan 5,Alameda,CA,94501,1015990,2.00,3.00,1714.00,52,61.0,70.0,88.0,592.76
509,858 37th Ave,San francisco,CA,94121,2750000,6.00,3.50,3260.00,83,62.0,81.0,72.0,843.56
510,38 Bryant St #604,San francisco,CA,94105,1199000,2.00,2.00,1073.00,92,97.0,82.0,35.0,1117.43
511,200 Brannan St #422,San francisco,CA,94107,2349000,2.00,2.00,1928.00,89,98.0,81.0,35.0,1218.36
512,3134 Baker St,San francisco,CA,94123,3495000,3.00,3.00,2905.00,95,58.0,90.0,72.0,1203.1
513,2703 Bush St,San francisco,CA,94115,2385000,3.00,2.00,1705.00,97,70.0,83.0,72.0,1398.83
514,4367 21st St,San francisco,CA,94114,2195000,4.00,2.50,1885.00,81,71.0,68.0,79.0,1164.46
515,760 12th Ave,San francisco,CA,94118,1525000,2.00,2.00,1565.00,85,70.0,97.0,71.0,974.44
516,2002 3rd St #208,San francisco,CA,94107,1050000,2.00,2.00,1358.00,89,64.0,95.0,68.0,773.2
517,3136 Fulton St #1,San francisco,CA,94118,1825000,4.00,3.50,2282.00,87,66.0,88.0,71.0,799.74
518,2006 Steiner St,San francisco,CA,94115,1350000,2.00,2.00,1429.00,99,76.0,90.0,72.0,944.72
519,813 Lyon St #3,San francisco,CA,94115,1495000,3.00,2.50,1490.00,94,67.0,78.0,72.0,1003.36
520,321 Marietta Dr,San francisco,CA,94127,2599000,5.00,6.00,3860.00,53,60.0,52.0,79.0,673.32
521,290 Melrose Ave,San francisco,CA,94127,1795000,3.00,2.50,1619.00,71,61.0,54.0,79.0,1108.71
522,280 Spear St Unit 6H,San francisco,CA,94105,1649000,3.00,2.00,1466.00,98,100.0,80.0,35.0,1124.83
523,2856 Scott St #1,San francisco,CA,94123,1895000,2.00,1.00,1479.00,96,69.0,63.0,72.0,1281.27
525,77 Van Ness Ave #408,San francisco,CA,94102,1279000,2.00,2.00,1131.00,99,99.0,99.0,71.0,1130.86
526,666 Post St #904,San francisco,CA,94109,715000,1.00,1.00,775.00,99,100.0,71.0,47.0,922.58
527,1030 Le Conte Ave,San francisco,CA,94124,1195000,4.00,3.00,2200.00,77,69.0,50.0,71.0,543.18
528,161 Dolores St #3,San francisco,CA,94103,695000,1.00,1.00,753.00,99,96.0,94.0,79.0,922.97
529,4163 - 4163A 26th St,San francisco,CA,94131,5290000,7.00,7.00,4566.00,88,71.0,64.0,79.0,1158.56
530,247 Connecticut St,San francisco,CA,94107,895000,2.00,1.50,958.00,96,72.0,66.0,68.0,934.24
532,1478 Dolores St,San francisco,CA,94110,1249000,2.00,1.00,1361.00,96,77.0,98.0,79.0,917.71
533,3131 Pierce St #308,San francisco,CA,94123,1495000,2.00,2.00,1044.00,98,61.0,85.0,72.0,1431.99
534,1039 Green St,San francisco,CA,94133,9500000,5.00,6.00,5250.00,96,75.0,65.0,47.0,1809.52
535,133 Stoneridge Ln #2207,San francisco,CA,94134,848000,3.00,2.00,1588.00,51,60.0,35.0,79.0,534.01
536,17 Guy Pl,San francisco,CA,94105,15000000,8.00,8.50,7680.00,94,100.0,63.0,35.0,1953.13
538,1998 Broadway St #1407,San francisco,CA,94109,1595000,2.00,2.00,1030.00,98,82.0,56.0,72.0,1548.54
539,2725 Pine St #2725,San francisco,CA,94115,1750000,3.00,1.50,1730.00,97,73.0,86.0,72.0,1011.56
540,2027 Noriega St,San francisco,CA,94127,1195000,3.00,2.00,1811.00,89,52.0,56.0,79.0,659.86
541,2816 21st St,San francisco,CA,94110,1689000,3.00,3.00,2210.00,98,80.0,100.0,68.0,764.25
542,2419 17th Ave,San francisco,CA,94116,1597500,3.00,2.00,1610.00,96,64.0,54.0,79.0,992.24
543,22 Granada Ave,San francisco,CA,94112,959000,3.00,2.00,1250.00,82,80.0,44.0,79.0,767.2
544,743 47th Ave,San francisco,CA,94121,995000,2.00,1.00,1278.00,81,62.0,85.0,72.0,778.56
545,3324 - 3330 19th St Unit 3328A,San francisco,CA,94110,825000,3.00,2.00,896.00,100,81.0,96.0,68.0,920.76
546,538 - 540 21st Ave,San francisco,CA,94121,1595000,4.00,2.00,3390.00,96,70.0,83.0,72.0,470.5
547,Undisclosed Address,San francisco,CA,94118,1998000,3.00,1.00,2355.00,100,66.0,83.0,72.0,848.41
548,199 Quintara St,San francisco,CA,94116,1688000,3.00,2.00,1872.00,59,71.0,40.0,79.0,901.71
549,110 Channel St #409,San francisco,CA,94158,1048000,1.00,1.00,823.00,88,80.0,92.0,35.0,1273.39
550,1149 Lake St #101,San francisco,CA,94118,2295000,4.00,3.50,2191.00,87,67.0,95.0,72.0,1047.47
551,1149 Lake St #201,San francisco,CA,94118,1695000,3.00,2.50,1548.00,87,67.0,95.0,72.0,1094.96
553,2063 20th Ave,San francisco,CA,94116,1395000,4.00,2.00,1752.00,86,65.0,62.0,79.0,796.23
555,30 - 34A Wayne Pl Unit 32A,San francisco,CA,94133,739000,2.00,1.00,712.00,100,87.0,68.0,47.0,1037.92
556,14 White St,San francisco,CA,94109,3750000,3.00,2.50,2420.00,99,83.0,66.0,47.0,1549.59
558,35 Dolores St #403,San francisco,CA,94103,1395000,2.00,2.00,924.00,98,96.0,86.0,79.0,1509.74
560,310 Townsend St #409,San francisco,CA,94107,825000,1.00,1.00,789.00,96,86.0,91.0,44.0,1045.63
561,2687 Pine St,San francisco,CA,94115,1595000,3.00,2.00,1491.00,97,73.0,86.0,72.0,1069.75
562,123 4th Ave,San francisco,CA,94118,2249000,4.00,3.00,1886.00,97,68.0,90.0,72.0,1192.47
563,443 Fulton St,San francisco,CA,94102,1250000,2.00,1.50,1146.00,99,90.0,99.0,72.0,1090.75
564,348 Madison St,San francisco,CA,94134,1988000,4.00,3.50,2129.00,62,67.0,44.0,68.0,933.77
565,318 Main St Unit 3H,San francisco,CA,94105,2050000,2.00,2.00,1434.00,97,100.0,70.0,35.0,1429.57
566,2621 Clement St,San francisco,CA,94121,1995000,5.00,4.00,2960.00,98,68.0,73.0,72.0,673.99
567,1545 Broadway #103,San francisco,CA,94109,995000,2.00,2.00,1160.00,100,85.0,81.0,47.0,857.76
568,82 Idora Ave,San francisco,CA,94127,1595000,3.00,2.00,1828.00,78,71.0,73.0,79.0,872.54
571,404 Diamond St,San francisco,CA,94114,995000,2.00,1.00,973.00,92,76.0,66.0,79.0,1022.61
572,201 Folsom St Unit 23H,San francisco,CA,94105,1150000,1.00,1.00,851.00,97,100.0,70.0,35.0,1351.35
573,2072 Ocean Ave,San francisco,CA,94127,1095000,3.00,2.00,1402.00,88,68.0,71.0,79.0,781.03
574,1160 Mission St #1208,San francisco,CA,94103,1199000,2.00,2.00,1201.00,98,100.0,98.0,44.0,998.33
575,8 Buchanan St Unit 605,San francisco,CA,94102,1343000,2.00,2.00,1150.00,99,97.0,86.0,72.0,1167.83
576,181 Lower Ter,San francisco,CA,94114,1695000,2.00,2.50,1509.00,89,70.0,65.0,72.0,1123.26
577,901 Bush St #602,San francisco,CA,94109,525000,1.00,1.00,414.00,99,100.0,62.0,47.0,1268.12
579,420 North Mission Bay Blvd #1202,San francisco,CA,94158,2300000,2.00,2.00,1492.00,77,76.0,93.0,35.0,1541.55
580,2 Fallon Pl #1,San francisco,CA,94133,675000,1.00,1.00,665.00,98,75.0,64.0,47.0,1015.04
581,2730 43rd Ave,San francisco,CA,94116,1495000,4.00,2.00,1985.00,70,54.0,88.0,79.0,753.15
582,2246 15th St,San francisco,CA,94114,1449000,2.00,1.00,1277.00,99,87.0,80.0,79.0,1134.69
583,436 Lansdale Ave,San francisco,CA,94127,1399000,3.00,2.50,1604.00,39,57.0,39.0,79.0,872.19
584,20 Mclaren Ave,San francisco,CA,94121,5700000,4.00,5.00,4135.00,79,62.0,92.0,72.0,1378.48
585,1461 Broadway St #203,San francisco,CA,94109,899000,2.00,2.00,925.00,99,85.0,79.0,47.0,971.89
586,240 Lombard St #833,San francisco,CA,94111,655000,1.00,1.00,582.00,89,80.0,64.0,38.0,1125.43
587,1370 Mcallister St,San francisco,CA,94115,1150000,4.00,1.00,1540.00,95,79.0,74.0,71.0,746.75
588,1591 Jackson St #502,San francisco,CA,94109,979000,1.00,1.00,907.00,99,85.0,79.0,47.0,1079.38
590,454 Lombard St #8,San francisco,CA,94133,800000,1.00,1.00,730.00,99,76.0,67.0,47.0,1095.89
591,1220 Tasman Dr #500,Sunnyvale,CA,94089,334900,3.00,2.00,1680.00,53,43.0,81.0,0.0,199.35
592,4018 Tuers Rd,San jose,CA,95121,1249990,3.00,2.00,1633.00,12,34.0,47.0,82.0,765.46
593,1145 Lincoln Ave,Palo alto,CA,94301,3888000,4.00,3.00,1811.00,46,39.0,76.0,56.0,2146.88
594,16015 Short Rd,Los gatos,CA,95032,4358888,4.00,3.00,3171.00,32,0.0,27.0,81.0,1374.61
595,8629 American Oak Dr,San jose,CA,95135,879000,2.00,2.00,1415.00,1,9.0,14.0,85.0,621.2
596,7063 Via Del Rio,San jose,CA,95139,1188000,3.00,2.00,1644.00,65,31.0,54.0,87.0,722.63
597,1570 Timber Creek Dr,San jose,CA,95131,998000,3.00,3.00,1513.00,58,44.0,66.0,86.0,659.62
598,499 S Pastoria Ave,Sunnyvale,CA,94086,2050000,5.00,3.00,2390.00,91,45.0,82.0,87.0,857.74
599,7209 Via Vico,San jose,CA,95129,1100000,3.00,2.50,1305.00,83,37.0,75.0,81.0,842.91
600,1035 Lyon Ter,Sunnyvale,CA,94089,1386000,3.00,2.50,1615.00,53,41.0,74.0,80.0,858.2
601,20254 KIRKMONT Dr,Saratoga,CA,95070,3198000,4.00,3.00,2300.00,50,0.0,67.0,85.0,1390.43
602,182 Isis Ct,Mountain view,CA,94043,1250000,2.00,2.50,1236.00,36,40.0,80.0,75.0,1011.33
603,538 Valley Forge Way,Campbell,CA,95008,879000,2.00,2.50,1110.00,58,36.0,77.0,79.0,791.89
604,579 W Virginia St,San jose,CA,95125,1275000,3.00,1.00,1184.00,78,57.0,95.0,87.0,1076.86
605,18281 Carriage Dr,Morgan hill,CA,95037,1200000,4.00,2.00,2176.00,21,32.0,39.0,86.0,551.47
606,217 Forrester Rd,Los gatos,CA,95032,4488000,4.00,4.50,5877.00,0,0.0,11.0,79.0,763.65
608,353 Baja Rose St,Milpitas,CA,95035,1188800,3.00,3.00,1569.00,55,60.0,76.0,73.0,757.68
609,7 Tulip Ln,Palo alto,CA,94303,2800000,2.00,1.50,1148.00,53,28.0,87.0,85.0,2439.02
610,2900 Soma Way,Gilroy,CA,95020,3650000,5.00,5.50,5235.00,0,0.0,1.0,82.0,697.23
611,139 Old Adobe Rd,Los gatos,CA,95032,2599000,3.00,2.50,2124.00,14,0.0,30.0,73.0,1223.63
612,1713 Bevin Brook Dr,San jose,CA,95112,599000,2.00,2.00,955.00,48,40.0,64.0,80.0,627.23
613,2405 Rebecca Lynn Way,Santa clara,CA,95050,1048000,2.00,2.00,1573.00,38,35.0,79.0,84.0,666.24
614,19119 Chinook Ct,Morgan hill,CA,95037,1688000,5.00,3.00,2692.00,10,12.0,52.0,86.0,627.04
615,1076 Windsor St,San jose,CA,95129,3500000,5.00,4.50,3231.00,80,39.0,79.0,81.0,1083.26
617,508 Ironwood Ter #1,Sunnyvale,CA,94086,599000,1.00,1.00,763.00,69,44.0,90.0,84.0,785.06
618,1695 Blossom Hill Rd,San jose,CA,95124,1249000,4.00,2.00,1876.00,51,24.0,49.0,88.0,665.78
619,1560 Ilikai Ave,San jose,CA,95118,1698888,3.00,2.00,1780.00,74,23.0,66.0,89.0,954.43
620,5836 Terrazzo Ct,San jose,CA,95123,1388000,4.00,2.00,1720.00,64,27.0,83.0,89.0,806.98
621,16180 Rose Ave,Monte sereno,CA,95030,3995000,4.00,3.50,2454.00,70,0.0,55.0,73.0,1627.95
622,645 N 19th St,San jose,CA,95112,1199900,3.00,2.50,1992.00,55,44.0,86.0,77.0,602.36
623,1204 Canopy Ln,Morgan hill,CA,95037,949000,3.00,2.50,1559.00,35,0.0,45.0,86.0,608.72
624,500 W 10th St #114,Gilroy,CA,95020,325000,3.00,2.00,1522.00,44,0.0,74.0,0.0,213.53
625,7539 De Foe Dr,Cupertino,CA,95014,1998000,3.00,2.00,1265.00,75,39.0,79.0,92.0,1579.45
626,3035 Hostetter Rd,San jose,CA,95132,1249888,4.00,2.00,1598.00,28,35.0,49.0,87.0,782.16
627,9580 Burchell Rd,Gilroy,CA,95020,1585900,4.00,2.50,2272.00,1,0.0,28.0,79.0,698.02
628,25 Sherland Ave Unit A,Mountain view,CA,94043,1596000,3.00,3.50,1706.00,60,39.0,95.0,75.0,935.52
629,3067 Santa Margarita Ave,San jose,CA,95118,1250000,3.00,1.00,1071.00,49,25.0,58.0,88.0,1167.13
630,186 Alice Ave,Campbell,CA,95008,1350000,2.00,1.00,1098.00,84,41.0,85.0,79.0,1229.51
631,5867 Snell Ave,San jose,CA,95123,999000,3.00,2.00,1208.00,62,35.0,61.0,87.0,826.99
632,18025 Hillwood Ln,Morgan hill,CA,95037,720000,2.00,2.50,1541.00,54,33.0,36.0,86.0,467.23
633,160 Perry St,Milpitas,CA,95035,1279999,4.00,2.00,1549.00,82,25.0,69.0,85.0,826.34
634,1891 Mccandless Dr,Milpitas,CA,95035,1249999,3.00,3.50,1941.00,49,57.0,73.0,73.0,644.0
635,352 Tyrella Ave,Mountain view,CA,94043,3400000,11.00,12.00,3651.00,60,39.0,95.0,0.0,931.25
636,15659 Linda Ave,Los gatos,CA,95032,2650000,4.00,3.50,2242.00,51,0.0,67.0,84.0,1181.98
637,5492 Rudy Dr,San jose,CA,95124,1649000,4.00,2.00,1598.00,56,26.0,50.0,88.0,1031.91
638,8282 Murray Ave #113,Gilroy,CA,95020,252900,2.00,1.50,1131.00,50,0.0,71.0,0.0,223.61
640,6187 Country Club Pkwy,San jose,CA,95138,1688800,4.00,2.50,2094.00,2,0.0,34.0,85.0,806.49
641,844 Poplar Ave,Sunnyvale,CA,94086,2250000,4.00,2.00,1996.00,54,40.0,73.0,84.0,1127.25
642,1604 Glenfield Dr,San jose,CA,95125,1550000,4.00,2.00,1783.00,49,30.0,55.0,88.0,869.32
643,6167 Snell Ave,San jose,CA,95123,1199000,4.00,2.00,1495.00,65,33.0,55.0,87.0,802.01
644,400 Ortega Ave #107,Mountain view,CA,94040,898000,3.00,2.00,1278.00,87,48.0,88.0,63.0,702.66
645,694 Lakewood Dr,Sunnyvale,CA,94089,1198999,3.00,2.00,1000.00,39,39.0,78.0,87.0,1199.0
646,754 Spindrift #754,San jose,CA,95134,285000,3.00,2.00,1500.00,32,50.0,78.0,0.0,190.0
647,5932 Mabie Ct,San jose,CA,95123,1199000,4.00,2.00,1491.00,56,25.0,76.0,89.0,804.16
648,5933 Sunstone Dr #414,San jose,CA,95123,969000,4.00,2.00,1833.00,47,49.0,64.0,87.0,528.64
649,434 Gross St,Milpitas,CA,95035,1295000,6.00,3.00,1925.00,36,37.0,58.0,91.0,672.73
650,3193 Simberlan Dr,San jose,CA,95148,1475000,5.00,3.00,2253.00,28,25.0,41.0,85.0,654.68
651,7571 Hanna St,Gilroy,CA,95020,1200000,3.00,2.00,2373.00,85,0.0,78.0,79.0,505.69
652,1198 Reed St,Santa clara,CA,95050,1099000,3.00,2.00,1218.00,60,46.0,62.0,80.0,902.3
653,16718 Audrey Dr,Morgan hill,CA,95037,669000,2.00,2.00,945.00,48,25.0,59.0,86.0,707.94
654,773 Regent Park Dr,San jose,CA,95123,1299000,3.00,2.00,1340.00,61,29.0,75.0,86.0,969.4
656,166 Sweetberry Ct,San jose,CA,95136,1200000,3.00,2.00,1983.00,50,47.0,69.0,87.0,605.14
657,3854 Cas Dr,San jose,CA,95111,879000,4.00,1.50,1113.00,66,47.0,73.0,78.0,789.76
658,1662 Canna Ln,San jose,CA,95124,1548800,3.00,2.00,1540.00,45,24.0,43.0,88.0,1005.71
659,3617 Wally Place Way,San jose,CA,95121,1108000,5.00,3.00,1936.00,35,33.0,51.0,87.0,572.31
660,879 Pinewood Dr,San jose,CA,95129,1680000,4.00,2.00,1666.00,51,39.0,68.0,89.0,1008.4
661,855 Cedar Ave,Sunnyvale,CA,94086,1299000,3.00,1.00,1073.00,56,40.0,78.0,84.0,1210.62
662,1729 Laine Ave,Santa clara,CA,95051,1399000,4.00,2.00,1576.00,77,44.0,81.0,80.0,887.69
663,2631 Yerba Vista Ct,San jose,CA,95121,788888,2.00,2.00,843.00,24,27.0,46.0,85.0,935.81
664,130 E San Fernando St #314,San jose,CA,95112,848888,2.00,2.00,1622.00,97,62.0,92.0,77.0,523.36
665,1001 E Evelyn Ter #149,Sunnyvale,CA,94086,838000,2.00,2.00,1123.00,35,35.0,75.0,84.0,746.22
666,20245 Northglen Sq,Cupertino,CA,95014,1150000,2.00,2.00,1060.00,50,37.0,72.0,85.0,1084.91
667,4558 Silva Ave,San jose,CA,95118,1583000,5.00,2.50,2423.00,64,25.0,75.0,89.0,653.32
668,48998 Oat Grass Ter,Fremont,CA,94539,1450000,3.00,2.50,2006.00,41,38.0,62.0,72.0,722.83
669,6933 Chantel Ct,San jose,CA,95129,899000,2.00,2.50,1044.00,58,22.0,77.0,88.0,861.11
670,961 Sherwood Ave,Los altos,CA,94022,1750000,1.00,1.00,633.00,89,47.0,87.0,75.0,2764.61
671,1036 Noble Ave,San jose,CA,95132,1250000,3.00,2.00,1673.00,30,30.0,27.0,87.0,747.16
672,808 S San Tomas Aquino Rd,Campbell,CA,95008,898000,2.00,2.00,1464.00,31,28.0,51.0,77.0,613.39
673,116 - 118 Park St,San francisco,CA,94110,1820000,4.00,2.00,2345.00,92,78.0,77.0,68.0,776.12
674,994 Corbett Ave,San francisco,CA,94131,2795000,3.00,3.00,3110.00,74,64.0,63.0,79.0,898.71
675,358 Maynard St,San francisco,CA,94112,995000,2.00,2.00,1650.00,70,73.0,61.0,79.0,603.03
677,798 Stanyan St #7,San francisco,CA,94117,1628000,2.00,2.00,1464.00,97,68.0,90.0,72.0,1112.02
678,216 Filbert St #2,San francisco,CA,94133,775000,2.00,1.50,623.00,95,84.0,64.0,47.0,1243.98
679,1726 Larkin St,San francisco,CA,94109,1350000,3.00,2.00,1490.00,99,79.0,70.0,47.0,906.04
680,580 Hayes St #303,San francisco,CA,94102,1895000,2.00,2.00,1321.00,99,93.0,89.0,72.0,1434.52
681,3630 - 3634 Scott St,San francisco,CA,94123,2998000,5.00,3.00,3525.00,94,63.0,94.0,72.0,850.5
682,718 Long Bridge St #1300,San francisco,CA,94158,1850000,2.00,2.00,1329.00,79,82.0,93.0,35.0,1392.02
683,400 Oak St #1,San francisco,CA,94102,786000,1.00,1.00,600.00,99,93.0,76.0,72.0,1310.0
684,4355 Anza St,San francisco,CA,94121,1698000,2.00,2.50,1975.00,93,63.0,67.0,72.0,859.75
685,655 Corbett Ave #506,San francisco,CA,94114,698000,1.00,1.00,673.00,71,65.0,62.0,79.0,1037.15
686,1459 - 1461 17th Ave,San francisco,CA,94122,1680000,4.00,3.00,3430.00,91,63.0,59.0,79.0,489.8
687,1881 Oakdale Ave,San francisco,CA,94124,1290000,8.00,3.00,2438.00,86,71.0,70.0,68.0,529.12
688,1688 Pine St Unit E401,San francisco,CA,94109,346593,2.00,2.00,889.00,99,78.0,74.0,72.0,389.87
689,37 Sussex St,San francisco,CA,94131,1895000,3.00,1.00,1189.00,90,78.0,70.0,79.0,1593.78
690,1338 - 1340 42nd Ave,San francisco,CA,94122,1195000,3.00,2.00,1452.00,89,54.0,92.0,83.0,823.0
691,77 - 81 Pleasant St,San francisco,CA,94108,2995000,5.00,3.00,3315.00,98,99.0,61.0,47.0,903.47
692,401 Harrison St Unit 8E,San francisco,CA,94105,975000,1.00,1.00,710.00,93,100.0,57.0,35.0,1373.24
694,15 Holyoke St,San francisco,CA,94134,1395000,3.00,2.00,2010.00,86,70.0,76.0,68.0,694.03
695,1439 Jefferson St,San francisco,CA,94123,1895000,2.00,2.00,1583.00,90,62.0,93.0,72.0,1197.09
696,80 Thor Ave,San francisco,CA,94131,5295000,4.00,3.50,4125.00,90,77.0,69.0,79.0,1283.64
697,72 Townsend St #702,San francisco,CA,94107,1495000,2.00,2.00,1212.00,90,95.0,85.0,35.0,1233.5
698,60 Rausch St #402,San francisco,CA,94103,699000,1.00,1.00,767.00,98,99.0,99.0,44.0,911.34
699,2840 Bryant St,San francisco,CA,94110,1795000,2.00,2.00,2048.00,96,76.0,76.0,68.0,876.46
700,184 Clipper St,San francisco,CA,94114,1549000,5.00,2.50,2700.00,96,74.0,79.0,79.0,573.7
701,2150 Grove St,San francisco,CA,94117,1895000,3.00,2.00,2021.00,93,72.0,76.0,72.0,937.65
702,101 Lombard St Unit 108W,San francisco,CA,94111,1655000,3.00,2.00,1790.00,97,79.0,62.0,38.0,924.58
703,1201 California St #1403,San francisco,CA,94109,2600000,3.00,3.00,1760.00,99,99.0,60.0,47.0,1477.27
704,323 Rutledge St,San francisco,CA,94110,998000,3.00,1.00,1000.00,86,75.0,70.0,68.0,998.0
705,2502 Leavenworth St,San francisco,CA,94133,7898000,5.00,4.50,4500.00,97,82.0,67.0,47.0,1755.11
706,81 Frank Norris St #505,San francisco,CA,94109,795000,1.00,1.00,784.00,100,93.0,79.0,47.0,1014.03
707,676 Alvarado St,San francisco,CA,94114,1888000,3.00,3.00,1873.00,94,64.0,65.0,79.0,1008.01
708,419 Baden St,San francisco,CA,94131,2800000,4.00,3.50,2805.00,72,73.0,64.0,79.0,998.22
710,137 Castro St,San francisco,CA,94114,949000,1.00,1.00,851.00,96,87.0,69.0,79.0,1115.16
711,5524 Mission St,San francisco,CA,94112,999999,3.00,1.00,1829.00,90,81.0,46.0,79.0,546.75
712,855 Folsom St #112,San francisco,CA,94107,799000,1.00,1.50,880.00,97,100.0,90.0,71.0,907.95
714,619 28th Ave Ph,San francisco,CA,94121,1595000,3.00,2.50,6570.00,90,69.0,54.0,72.0,242.77
715,559 Joost Ave,San francisco,CA,94127,979000,2.00,1.00,979.00,76,72.0,59.0,79.0,1000.0
716,181 Fremont Unit 62C,San francisco,CA,94105,2450000,2.00,2.50,1262.00,99,100.0,78.0,35.0,1941.36
717,158 Cervantes Blvd,San francisco,CA,94123,4795000,4.00,3.50,3255.00,90,63.0,91.0,72.0,1473.12
719,1025 Minna St #5,San francisco,CA,94103,895000,1.00,1.50,933.00,97,99.0,99.0,44.0,959.27
720,142 Wawona St,San francisco,CA,94127,1995000,4.00,1.50,2687.00,95,73.0,72.0,71.0,742.46
721,2205 Sacramento St #201,San francisco,CA,94115,1595000,2.00,1.50,1582.00,98,77.0,67.0,72.0,1008.22
722,1200 California St Unit 25A,San francisco,CA,94109,2250000,1.00,2.00,1435.00,99,99.0,60.0,47.0,1567.94
723,480 10th Ave,San francisco,CA,94118,1695000,3.00,3.00,1977.00,97,71.0,86.0,71.0,857.36
724,1918 Divisadero St,San francisco,CA,94115,4299950,4.00,3.50,3360.00,97,71.0,83.0,72.0,1279.75
725,1336 Lake St,San francisco,CA,94118,1575000,2.00,1.50,1400.00,84,67.0,95.0,72.0,1125.0
727,1842 18th Ave,San francisco,CA,94122,3795000,5.00,4.50,3578.00,79,63.0,51.0,79.0,1060.65
728,1177 California St #1414,San francisco,CA,94108,1645000,2.00,2.50,1399.00,99,100.0,59.0,47.0,1175.84
729,250 Edgewood Ave,San francisco,CA,94117,3999950,4.00,4.50,2766.00,79,66.0,53.0,79.0,1446.11
730,858 Capp St #8,San francisco,CA,94110,1899000,3.00,3.00,1638.00,100,81.0,100.0,68.0,1159.34
731,2240 27th Ave,San francisco,CA,94116,1295000,3.00,1.00,1899.00,84,64.0,38.0,79.0,681.94
732,1257 Dolores St Unit A,San francisco,CA,94110,875000,1.00,1.00,860.00,97,79.0,85.0,79.0,1017.44
733,555 Ramsell St,San francisco,CA,94132,1981989,5.00,4.50,3187.00,74,65.0,48.0,79.0,621.9
734,2449 Chestnut St,San francisco,CA,94123,1895000,2.00,2.00,1462.00,97,63.0,96.0,72.0,1296.17
735,563 Belvedere St,San francisco,CA,94117,1498000,3.00,1.50,1378.00,93,73.0,66.0,72.0,1087.08
736,368 Bradford St,San francisco,CA,94110,1475000,4.00,3.00,1620.00,88,73.0,68.0,68.0,910.49
737,22 Cutler Ave,San francisco,CA,94116,1095000,3.00,2.00,1195.00,62,51.0,80.0,79.0,916.32
738,764 Clayton St,San francisco,CA,94117,1995000,4.00,3.50,2255.00,98,68.0,76.0,72.0,884.7
739,519 Garfield St,San francisco,CA,94132,995000,2.00,1.00,1145.00,72,68.0,44.0,79.0,869.0
740,108 Marietta Dr,San francisco,CA,94127,1095000,3.00,2.00,1106.00,70,65.0,56.0,79.0,990.05
741,760 Duboce Ave,San francisco,CA,94117,1995000,3.00,2.00,1793.00,95,87.0,72.0,72.0,1112.66
743,39 Collingwood St,San francisco,CA,94114,1549000,3.00,1.00,1615.00,100,85.0,76.0,79.0,959.13
744,2858 Sacramento St,San francisco,CA,94115,1695000,3.00,2.00,1705.00,96,73.0,73.0,72.0,994.13
746,3131 Pierce St #305,San francisco,CA,94123,1595000,2.00,2.00,1194.00,98,61.0,85.0,72.0,1335.85
747,425 El Camino Del Mar,San francisco,CA,94121,4495000,4.00,3.00,3100.00,68,53.0,66.0,72.0,1450.0
748,524 - 526 Vermont St,San francisco,CA,94107,1900000,3.00,2.00,2337.00,96,74.0,71.0,68.0,813.01
749,2015 - 2019 17th St,San francisco,CA,94103,3295000,7.00,4.00,4600.00,96,74.0,74.0,68.0,716.3
750,1274 Sanchez St,San francisco,CA,94114,1259000,2.00,1.00,1100.00,96,74.0,79.0,79.0,1144.55
751,2017 17th St,San francisco,CA,94103,1199000,3.00,2.00,1465.00,96,74.0,74.0,68.0,818.43
752,1235 Mcallister St #121,San francisco,CA,94115,378157,1.00,1.00,659.00,97,82.0,74.0,72.0,573.83
753,77 Van Ness Ave #403,San francisco,CA,94102,1295000,2.00,2.00,1155.00,99,99.0,99.0,71.0,1121.21
754,235 Berry St #517,San francisco,CA,94158,1149000,2.00,2.00,1078.00,89,83.0,92.0,35.0,1065.86
755,520 Palmer Ave,Hayward,CA,94541,949000,3.00,2.50,1692.00,70,57.0,65.0,79.0,560.87
756,28720 Fox Hollow Dr,Hayward,CA,94542,1500000,4.00,3.00,3045.00,3,18.0,26.0,87.0,492.61
757,647 Macabee Way,Hayward,CA,94541,699888,2.00,2.50,1272.00,66,55.0,60.0,79.0,550.23
758,27571 Orlando Ave,Hayward,CA,94545,849950,3.00,2.00,1119.00,34,40.0,66.0,93.0,759.56
759,32 Crystal Gate,Hayward,CA,94544,525950,2.00,1.00,1150.00,66,46.0,56.0,91.0,457.35
760,26673 Huntwood Ave,Hayward,CA,94544,749000,3.00,2.00,1250.00,19,36.0,49.0,88.0,599.2
761,26360 Taft St,Hayward,CA,94544,729000,3.00,2.00,1165.00,18,35.0,51.0,88.0,625.75
762,482 Hampton Rd,Hayward,CA,94541,648000,2.00,1.00,888.00,37,0.0,50.0,89.0,729.73
763,26318 Peterman Ave,Hayward,CA,94545,799000,3.00,2.00,1238.00,32,40.0,57.0,92.0,645.4
764,11 Crystal Gate Comns,Hayward,CA,94544,799000,3.00,2.50,1585.00,66,46.0,56.0,91.0,504.1
765,1575 E St,Hayward,CA,94541,1179999,3.00,3.00,2400.00,54,46.0,26.0,89.0,491.67
766,120 Edmund Pl,Hayward,CA,94544,938000,3.00,2.50,1938.00,42,44.0,52.0,91.0,484.0
767,954 Folsom Ave,Hayward,CA,94544,699000,3.00,1.00,951.00,40,39.0,51.0,91.0,735.02
768,2201 Parnassus Ct,Hayward,CA,94542,685000,3.00,2.50,1554.00,51,32.0,28.0,90.0,440.8
769,26425 Flamingo Ave,Hayward,CA,94544,699950,3.00,2.00,1535.00,54,38.0,57.0,88.0,455.99
770,132 Gloria St,Hayward,CA,94544,925000,3.00,2.00,1821.00,57,35.0,56.0,90.0,507.96
771,1150 W Winton Ave #114,Hayward,CA,94545,279950,3.00,2.00,1536.00,76,44.0,54.0,0.0,182.26
772,227 Goodwin St,Hayward,CA,94544,799950,3.00,2.00,1653.00,40,38.0,55.0,90.0,483.94
773,25613 Calaroga Ave,Hayward,CA,94545,888786,3.00,2.00,1359.00,51,41.0,69.0,92.0,654.0
774,1347 Martin Luther King Dr,Hayward,CA,94541,765000,3.00,2.50,1809.00,80,56.0,62.0,79.0,422.89
775,28307 Murcia St,Hayward,CA,94544,227000,3.00,2.00,1226.00,43,34.0,51.0,0.0,185.15
776,30553 Troon Pl,Hayward,CA,94544,988888,3.00,2.00,1250.00,51,35.0,48.0,92.0,791.11
777,26021 Gettysburg Ave,Hayward,CA,94545,849000,3.00,2.00,1391.00,36,40.0,43.0,86.0,610.35
778,325 Valle Vista Ave #104,Hayward,CA,94544,449000,2.00,2.00,725.00,54,50.0,58.0,88.0,619.31
779,5 Stirling Way,Hayward,CA,94542,2480000,4.00,5.00,4358.00,1,16.0,15.0,83.0,569.07
780,26673 Colette St,Hayward,CA,94544,788800,3.00,2.00,951.00,64,37.0,65.0,88.0,829.44
781,31214 Tepic Pl #26,Hayward,CA,94544,725000,3.00,2.50,1435.00,55,34.0,52.0,92.0,505.23
782,695 Atherton Pl #702,Hayward,CA,94541,650000,2.00,2.00,1097.00,93,62.0,65.0,88.0,592.53
783,111 Fanuncio Ln,Hayward,CA,94544,799000,3.00,2.50,1707.00,71,39.0,72.0,81.0,468.07
784,24024 Edloe Dr,Hayward,CA,94541,729000,3.00,1.00,1052.00,66,48.0,58.0,91.0,692.97
785,4090 Woodstock Rd,Hayward,CA,94542,1799000,4.00,2.50,2962.00,5,18.0,17.0,87.0,607.36
786,921 Longwood Ave,Hayward,CA,94541,749000,3.00,1.00,1333.00,61,46.0,52.0,89.0,561.89
787,21651 Gail Dr,Castro valley,CA,94546,972500,3.00,2.00,1681.00,50,42.0,32.0,93.0,578.52
788,24623 Pontiac St,Hayward,CA,94544,685000,3.00,1.00,1093.00,72,51.0,64.0,91.0,626.72
789,21234 Times Ave,Hayward,CA,94541,698000,3.00,1.00,1014.00,48,40.0,57.0,89.0,688.36
790,644 Leighton St,Hayward,CA,94544,695000,3.00,1.00,1123.00,78,57.0,63.0,91.0,618.88
791,1682 East Ave,Hayward,CA,94541,675000,2.00,1.00,837.00,35,39.0,26.0,89.0,806.45
792,182 Goodwin St,Hayward,CA,94544,799000,3.00,1.00,1086.00,48,37.0,56.0,90.0,735.73
793,1216 Sandy Bridges Ln,Hayward,CA,94541,720000,3.00,2.50,1532.00,58,38.0,37.0,91.0,469.97
794,295 Lansing Way,Hayward,CA,94541,499000,2.00,2.00,1019.00,56,42.0,63.0,89.0,489.7
795,1156 Huron Ln,Hayward,CA,94545,865000,3.00,2.00,1301.00,36,40.0,63.0,92.0,664.87
796,754 Lilly Ave,Hayward,CA,94544,730000,3.00,1.00,1052.00,74,56.0,61.0,81.0,693.92
797,1506 Rieger Ave,Hayward,CA,94544,864999,3.00,2.00,1227.00,62,39.0,68.0,88.0,704.97
798,22851 2nd St,Hayward,CA,94541,679000,2.00,1.00,1258.00,92,58.0,39.0,88.0,539.75
799,26472 Hickory Ave,Hayward,CA,94544,699950,3.00,1.00,1034.00,50,34.0,58.0,88.0,676.93
800,27666 Havana Ave,Hayward,CA,94544,699000,3.00,2.00,1000.00,81,38.0,65.0,91.0,699.0
801,182 Carrick Cir,Hayward,CA,94542,1348888,4.00,3.00,2818.00,1,18.0,8.0,83.0,478.67
802,26258 Parkside Dr,Hayward,CA,94542,649950,2.00,1.00,672.00,39,30.0,26.0,90.0,967.19
803,1463 Mantilla Ave,Hayward,CA,94544,740000,3.00,2.00,1200.00,73,39.0,67.0,91.0,616.67
804,27453 Coronado Way,Hayward,CA,94545,799000,3.00,2.00,1119.00,62,41.0,73.0,93.0,714.03
805,734 Pinedale Ct,Hayward,CA,94544,797888,4.00,2.00,1453.00,83,59.0,63.0,81.0,549.13
806,22202 Prospect St,Hayward,CA,94541,799000,2.00,2.00,1382.00,86,57.0,39.0,88.0,578.15
807,3170 Saddle Dr,Hayward,CA,94541,818000,3.00,2.00,1488.00,11,29.0,14.0,89.0,549.73
808,1596 E St,Hayward,CA,94541,1190000,3.00,1.50,2022.00,54,46.0,26.0,88.0,588.53
809,27172 Columbia Way,Hayward,CA,94542,988000,3.00,2.50,2247.00,35,25.0,16.0,90.0,439.7
810,715 Heath Ct #388,Hayward,CA,94544,549000,2.00,2.00,906.00,50,43.0,24.0,88.0,605.96
811,29243 Whalebone Way #409,Hayward,CA,94544,259000,2.00,2.00,1908.00,33,45.0,57.0,0.0,135.74
812,143 Poppywood Ct,Hayward,CA,94544,1199000,4.00,2.50,1807.00,48,37.0,57.0,91.0,663.53
813,21062 Gary Dr #107,Hayward,CA,94546,569000,2.00,1.00,941.00,53,39.0,36.0,88.0,604.68
814,22139 Castille Ln #64,Hayward,CA,94541,598000,2.00,2.00,1202.00,83,45.0,44.0,88.0,497.5
815,27511 E 12Th St,Hayward,CA,94544,699000,4.00,2.00,1504.00,61,48.0,61.0,88.0,464.76
816,25143 Del Mar Ave,Hayward,CA,94542,725000,3.00,2.00,1094.00,58,41.0,42.0,81.0,662.71
817,3059 Madsen St,Hayward,CA,94541,775000,3.00,3.00,1446.00,73,58.0,66.0,79.0,535.96
818,25850 Kay Ave #327,Hayward,CA,94545,520000,2.00,2.00,1007.00,41,42.0,65.0,92.0,516.39
819,27105 Belvedere Ct,Hayward,CA,94544,2100000,3.00,4.00,2544.00,43,39.0,59.0,0.0,825.47
820,338 Line St,Hayward,CA,94544,897060,2.00,2.00,1501.00,49,48.0,58.0,88.0,597.64
821,2169 Bridwell Way #104,Hayward,CA,94545,339000,3.00,2.00,1120.00,42,37.0,59.0,0.0,302.68
822,105 Kathy Ct,Union city,CA,94587,949000,3.00,2.00,1248.00,34,0.0,43.0,91.0,760.42
823,21239 Gary Dr #313,Hayward,CA,94546,659950,2.00,2.00,1393.00,59,38.0,30.0,88.0,473.76
824,683 Newbury Ln #277,Hayward,CA,94544,499950,2.00,2.00,906.00,50,45.0,23.0,88.0,551.82
825,22530 3rd St #303,Hayward,CA,94541,659000,3.00,2.00,1470.00,91,54.0,69.0,88.0,448.3
827,387 Warner Ave,Hayward,CA,94544,879000,3.00,2.00,1439.00,67,39.0,52.0,92.0,610.84
828,24981 Muir St,Hayward,CA,94544,650000,2.00,1.00,696.00,46,43.0,57.0,91.0,933.91
829,22836 High St,Hayward,CA,94541,579000,2.00,1.00,755.00,88,56.0,56.0,88.0,766.89
830,3339 Baumberg Ave,Hayward,CA,94541,699888,1.00,1.00,660.00,25,32.0,51.0,90.0,1060.44
831,2745 Colony View Pl,Hayward,CA,94541,1168000,4.00,3.00,1942.00,18,32.0,18.0,89.0,601.44
832,25105 Del Mar Ave,Hayward,CA,94542,1299000,4.00,4.00,2204.00,58,41.0,42.0,81.0,589.38
833,2537 Jacobs St,Hayward,CA,94541,1000000,4.00,3.50,1774.00,41,34.0,35.0,88.0,563.7
834,437 Viebrock Way,Hayward,CA,94544,298000,2.00,2.00,1728.00,33,45.0,57.0,0.0,172.45
835,27479 Bahama Ave,Hayward,CA,94545,849000,4.00,3.00,1281.00,66,39.0,64.0,93.0,662.76
836,926 Cheryl Ann Cir #24,Hayward,CA,94544,569000,2.00,2.00,1060.00,74,38.0,64.0,88.0,536.79
837,353 Baja Rose St,Milpitas,CA,95035,1188800,3.00,3.00,1569.00,55,60.0,76.0,73.0,757.68
838,160 Perry St,Milpitas,CA,95035,1279999,4.00,2.00,1549.00,82,25.0,69.0,85.0,826.34
839,1891 Mccandless Dr,Milpitas,CA,95035,1249999,3.00,3.50,1941.00,49,57.0,73.0,73.0,644.0
840,434 Gross St,Milpitas,CA,95035,1295000,6.00,3.00,1925.00,36,37.0,58.0,91.0,672.73
841,429 Gosser St,Milpitas,CA,95035,1300000,4.00,2.00,1538.00,50,38.0,63.0,91.0,845.25
842,947 Gomes Ln,Milpitas,CA,95035,1495000,3.00,2.50,2166.00,39,29.0,56.0,84.0,690.21
843,122 Edgewater Dr,Milpitas,CA,95035,1988000,5.00,3.00,2697.00,58,37.0,73.0,86.0,737.12
844,800 S Abel St #214,Milpitas,CA,95035,899888,3.00,2.00,1421.00,75,42.0,79.0,73.0,633.28
845,211 Rodrigues Ave,Milpitas,CA,95035,1488888,4.00,3.00,2001.00,81,27.0,69.0,85.0,744.07
846,1625 Lee Way,Milpitas,CA,95035,1098000,3.00,3.00,1622.00,51,57.0,74.0,73.0,676.94
847,1257 Coyote Creek Way,Milpitas,CA,95035,1098000,3.00,3.00,1370.00,22,41.0,65.0,90.0,801.46
848,700 S Abel St #506,Milpitas,CA,95035,799888,2.00,2.00,1259.00,81,39.0,78.0,73.0,635.34
849,104 Sunnyhills Ct,Milpitas,CA,95035,688888,2.00,2.00,924.00,76,39.0,74.0,91.0,745.55
850,440 Dempsey Rd #243,Milpitas,CA,95035,397000,1.00,1.00,676.00,62,26.0,67.0,85.0,587.28
851,1762 Snell Pl,Milpitas,CA,95035,928000,3.00,2.50,1253.00,52,54.0,72.0,73.0,740.62
852,428 Galaxy Ct,Milpitas,CA,95035,1149000,3.00,2.00,1550.00,30,45.0,58.0,85.0,741.29
853,288 S Main St,Milpitas,CA,95035,1368000,3.00,2.00,1550.00,87,38.0,78.0,73.0,882.58
854,263 Baja Rose St,Milpitas,CA,95035,980000,2.00,2.00,1449.00,60,60.0,78.0,73.0,676.33
855,394 GERALD Cir,Milpitas,CA,95035,1495000,4.00,2.50,2295.00,43,29.0,58.0,84.0,651.42
856,1084 N Abbott Ave,Milpitas,CA,95035,560000,2.00,1.00,863.00,26,34.0,56.0,86.0,648.9
857,1860 Snell Pl,Milpitas,CA,95035,888000,3.00,3.00,1253.00,48,53.0,69.0,79.0,708.7
858,295 Rio Verde Pl #2,Milpitas,CA,95035,688000,2.00,1.00,882.00,79,37.0,72.0,85.0,780.05
859,1212 Monte Dr,Milpitas,CA,95035,1499000,3.00,2.50,1990.00,50,34.0,59.0,85.0,753.27
860,393 N Temple Dr,Milpitas,CA,95035,599888,3.00,1.50,1122.00,25,17.0,62.0,80.0,534.66
861,81 Bettencourt Way,Milpitas,CA,95035,970000,3.00,2.00,1359.00,52,54.0,72.0,73.0,713.76
862,1462 Lavender Loop,Milpitas,CA,95035,1088888,3.00,2.50,1997.00,50,60.0,66.0,84.0,545.26
863,1101 S Main St #429,Milpitas,CA,95035,620000,1.00,1.00,768.00,78,52.0,82.0,73.0,807.29
864,341 San Petra Ct #2,Milpitas,CA,95035,649000,2.00,1.00,882.00,84,38.0,74.0,85.0,735.83
865,1178 N Abbott Ave,Milpitas,CA,95035,699000,2.00,2.00,1174.00,27,35.0,69.0,86.0,595.4
867,1952 Terracotta Ct,Milpitas,CA,95035,1480995,3.00,2.50,1979.00,48,59.0,67.0,86.0,748.36
868,1912 Terracotta Ct,Milpitas,CA,95035,1436995,3.00,3.00,1829.00,69,60.0,77.0,86.0,785.67
869,1910 Terracotta Ct,Milpitas,CA,95035,1412995,3.00,2.50,1829.00,69,60.0,77.0,86.0,772.55
870,817 Luz Del Sol Loop,Milpitas,CA,95035,899000,2.00,2.00,1300.00,52,43.0,69.0,85.0,691.54
871,407 Dixon Rd,Milpitas,CA,95035,1385000,4.00,3.00,1605.00,51,37.0,60.0,91.0,862.93
872,1023 N Abbott Ave,Milpitas,CA,95035,695000,2.00,1.00,863.00,25,36.0,58.0,86.0,805.33
873,1635 Starlite Dr,Milpitas,CA,95035,1398888,5.00,2.50,1692.00,35,47.0,60.0,85.0,826.77
874,49002 Cinnamon Fern Cmn #214,Fremont,CA,94539,899888,2.00,2.00,1274.00,60,38.0,71.0,72.0,706.35
875,109 Parc Place Dr,Milpitas,CA,95035,960000,3.00,2.00,1530.00,77,48.0,77.0,73.0,627.45
876,484 Dempsey Rd #186,Milpitas,CA,95035,385000,1.00,1.00,676.00,70,26.0,69.0,85.0,569.53
877,1916 Terracotta Ct,Milpitas,CA,95035,1485995,3.00,3.00,1979.00,69,60.0,77.0,86.0,750.88
